[2026-08-08 14:49:18,232] INFO Registered kafka:type=kafka.Log4jController MBean (kafka.utils.Log4jControllerRegistration$)
[2026-08-08 14:49:19,188] INFO Registered signal handlers for TERM, INT, HUP (org.apache.kafka.common.utils.LoggingSignalHandler)
[2026-08-08 14:49:19,194] INFO [ControllerServer id=0] Starting controller (kafka.server.ControllerServer)
[2026-08-08 14:49:19,248] INFO [StandardAuthorizer 0] set super.users=User:ANONYMOUS,User:admin,User:controller, default result=ALLOWED (org.apache.kafka.metadata.authorizer.StandardAuthorizerData)
[2026-08-08 14:49:19,932] INFO Updated connection-accept-rate max connection creation rate to 2147483647 (kafka.network.ConnectionQuotas)
[2026-08-08 14:49:20,027] INFO [SocketServer listenerType=CONTROLLER, nodeId=0] Created data-plane acceptor and processors for endpoint : ListenerName(CONTROLLER) (kafka.network.SocketServer)
[2026-08-08 14:49:20,041] INFO authorizerStart completed for endpoint CONTROLLER. Endpoint is now READY. (org.apache.kafka.server.network.EndpointReadyFutures)
[2026-08-08 14:49:20,048] INFO [SharedServer id=0] Starting SharedServer (kafka.server.SharedServer)
[2026-08-08 14:49:20,173] INFO [LogLoader partition=__cluster_metadata-0, dir=/home/deepone/kafka_2.13-4.0.0/logs/kafka-data-0] Recovering unflushed segment 0. 0 recovered for __cluster_metadata-0. (org.apache.kafka.storage.internals.log.LogLoader)
[2026-08-08 14:49:20,188] INFO [LogLoader partition=__cluster_metadata-0, dir=/home/deepone/kafka_2.13-4.0.0/logs/kafka-data-0] Loading producer state till offset 0 (org.apache.kafka.storage.internals.log.UnifiedLog)
[2026-08-08 14:49:20,189] INFO [LogLoader partition=__cluster_metadata-0, dir=/home/deepone/kafka_2.13-4.0.0/logs/kafka-data-0] Reloading from producer snapshot and rebuilding producer state from offset 0 (org.apache.kafka.storage.internals.log.UnifiedLog)
[2026-08-08 14:49:20,190] INFO Deleted producer state snapshot /home/deepone/kafka_2.13-4.0.0/logs/kafka-data-0/__cluster_metadata-0/00000000000000001051.snapshot (org.apache.kafka.storage.internals.log.SnapshotFile)
[2026-08-08 14:49:20,190] INFO Deleted producer state snapshot /home/deepone/kafka_2.13-4.0.0/logs/kafka-data-0/__cluster_metadata-0/00000000000000003885.snapshot (org.apache.kafka.storage.internals.log.SnapshotFile)
[2026-08-08 14:49:20,200] INFO [LogLoader partition=__cluster_metadata-0, dir=/home/deepone/kafka_2.13-4.0.0/logs/kafka-data-0] Producer state recovery took 1ms for snapshot load and 0ms for segment recovery from offset 0 (org.apache.kafka.storage.internals.log.UnifiedLog)
[2026-08-08 14:49:20,317] INFO [ProducerStateManager partition=__cluster_metadata-0] Wrote producer snapshot at offset 3885 with 0 producer ids in 16 ms. (org.apache.kafka.storage.internals.log.ProducerStateManager)
[2026-08-08 14:49:20,332] INFO [LogLoader partition=__cluster_metadata-0, dir=/home/deepone/kafka_2.13-4.0.0/logs/kafka-data-0] Loading producer state till offset 3885 (org.apache.kafka.storage.internals.log.UnifiedLog)
[2026-08-08 14:49:20,332] INFO [LogLoader partition=__cluster_metadata-0, dir=/home/deepone/kafka_2.13-4.0.0/logs/kafka-data-0] Reloading from producer snapshot and rebuilding producer state from offset 3885 (org.apache.kafka.storage.internals.log.UnifiedLog)
[2026-08-08 14:49:20,340] INFO [ProducerStateManager partition=__cluster_metadata-0] Loading producer state from snapshot file 'SnapshotFile(offset=3885, file=/home/deepone/kafka_2.13-4.0.0/logs/kafka-data-0/__cluster_metadata-0/00000000000000003885.snapshot)' (org.apache.kafka.storage.internals.log.ProducerStateManager)
[2026-08-08 14:49:20,342] INFO [LogLoader partition=__cluster_metadata-0, dir=/home/deepone/kafka_2.13-4.0.0/logs/kafka-data-0] Producer state recovery took 9ms for snapshot load and 0ms for segment recovery from offset 3885 (org.apache.kafka.storage.internals.log.UnifiedLog)
[2026-08-08 14:49:20,398] INFO Initialized snapshots with IDs SortedSet() from /home/deepone/kafka_2.13-4.0.0/logs/kafka-data-0/__cluster_metadata-0 (kafka.raft.KafkaMetadataLog$)
[2026-08-08 14:49:20,430] INFO [raft-expiration-reaper]: Starting (kafka.raft.TimingWheelExpirationService$ExpiredOperationReaper)
[2026-08-08 14:49:20,453] INFO [RaftManager id=0] Reading KRaft snapshot and log as part of the initialization (org.apache.kafka.raft.KafkaRaftClient)
[2026-08-08 14:49:20,564] INFO [RaftManager id=0] Starting voters are VoterSet(voters={0=VoterNode(voterKey=ReplicaKey(id=0, directoryId=<undefined>), listeners=Endpoints(endpoints={ListenerName(CONTROLLER)=/127.0.0.1:9093}), supportedKRaftVersion=SupportedVersionRange[min_version:0, max_version:0])}) (org.apache.kafka.raft.KafkaRaftClient)
[2026-08-08 14:49:20,568] INFO [RaftManager id=0] Starting request manager with static voters: [127.0.0.1:9093 (id: 0 rack: null isFenced: false)] (org.apache.kafka.raft.KafkaRaftClient)
[2026-08-08 14:49:20,613] INFO [RaftManager id=0] Attempting durable transition to ResignedState(localId=0, epoch=2, voters=[0], electionTimeoutMs=1400, unackedVoters=[], preferredSuccessors=[]) from null (org.apache.kafka.raft.QuorumState)
[2026-08-08 14:49:20,658] INFO [RaftManager id=0] Completed transition to ResignedState(localId=0, epoch=2, voters=[0], electionTimeoutMs=1400, unackedVoters=[], preferredSuccessors=[]) from null (org.apache.kafka.raft.QuorumState)
[2026-08-08 14:49:20,666] INFO [RaftManager id=0] Completed transition to ProspectiveState(epoch=2, leaderId=OptionalInt[0], retries=1, votedKey=Optional.empty, epochElection=EpochElection(voterStates={0=VoterState(replicaKey=ReplicaKey(id=0, directoryId=<undefined>), state=GRANTED)}), electionTimeoutMs=1856, highWatermark=Optional.empty) from ResignedState(localId=0, epoch=2, voters=[0], electionTimeoutMs=1400, unackedVoters=[], preferredSuccessors=[]) (org.apache.kafka.raft.QuorumState)
[2026-08-08 14:49:20,675] INFO [RaftManager id=0] Attempting durable transition to CandidateState(localId=0, localDirectoryId=HdLrZmMjbKrt4LUPAS48Ew, epoch=3, retries=1, epochElection=EpochElection(voterStates={0=VoterState(replicaKey=ReplicaKey(id=0, directoryId=<undefined>), state=GRANTED)}), highWatermark=Optional.empty, electionTimeoutMs=1346) from ProspectiveState(epoch=2, leaderId=OptionalInt[0], retries=1, votedKey=Optional.empty, epochElection=EpochElection(voterStates={0=VoterState(replicaKey=ReplicaKey(id=0, directoryId=<undefined>), state=GRANTED)}), electionTimeoutMs=1856, highWatermark=Optional.empty) (org.apache.kafka.raft.QuorumState)
[2026-08-08 14:49:20,680] INFO [RaftManager id=0] Completed transition to CandidateState(localId=0, localDirectoryId=HdLrZmMjbKrt4LUPAS48Ew, epoch=3, retries=1, epochElection=EpochElection(voterStates={0=VoterState(replicaKey=ReplicaKey(id=0, directoryId=<undefined>), state=GRANTED)}), highWatermark=Optional.empty, electionTimeoutMs=1346) from ProspectiveState(epoch=2, leaderId=OptionalInt[0], retries=1, votedKey=Optional.empty, epochElection=EpochElection(voterStates={0=VoterState(replicaKey=ReplicaKey(id=0, directoryId=<undefined>), state=GRANTED)}), electionTimeoutMs=1856, highWatermark=Optional.empty) (org.apache.kafka.raft.QuorumState)
[2026-08-08 14:49:20,689] INFO [RaftManager id=0] Attempting durable transition to Leader(localReplicaKey=ReplicaKey(id=0, directoryId=HdLrZmMjbKrt4LUPAS48Ew), epoch=3, epochStartOffset=3885, highWatermark=Optional.empty, voterStates={0=ReplicaState(replicaKey=ReplicaKey(id=0, directoryId=<undefined>), endOffset=Optional.empty, lastFetchTimestamp=-1, lastCaughtUpTimestamp=-1, hasAcknowledgedLeader=true)}) from CandidateState(localId=0, localDirectoryId=HdLrZmMjbKrt4LUPAS48Ew, epoch=3, retries=1, epochElection=EpochElection(voterStates={0=VoterState(replicaKey=ReplicaKey(id=0, directoryId=<undefined>), state=GRANTED)}), highWatermark=Optional.empty, electionTimeoutMs=1346) (org.apache.kafka.raft.QuorumState)
[2026-08-08 14:49:20,692] INFO [RaftManager id=0] Completed transition to Leader(localReplicaKey=ReplicaKey(id=0, directoryId=HdLrZmMjbKrt4LUPAS48Ew), epoch=3, epochStartOffset=3885, highWatermark=Optional.empty, voterStates={0=ReplicaState(replicaKey=ReplicaKey(id=0, directoryId=<undefined>), endOffset=Optional.empty, lastFetchTimestamp=-1, lastCaughtUpTimestamp=-1, hasAcknowledgedLeader=true)}) from CandidateState(localId=0, localDirectoryId=HdLrZmMjbKrt4LUPAS48Ew, epoch=3, retries=1, epochElection=EpochElection(voterStates={0=VoterState(replicaKey=ReplicaKey(id=0, directoryId=<undefined>), state=GRANTED)}), highWatermark=Optional.empty, electionTimeoutMs=1346) (org.apache.kafka.raft.QuorumState)
[2026-08-08 14:49:20,718] INFO [kafka-0-raft-outbound-request-thread]: Starting (org.apache.kafka.raft.KafkaNetworkChannel$SendThread)
[2026-08-08 14:49:20,718] INFO [kafka-0-raft-io-thread]: Starting (org.apache.kafka.raft.KafkaRaftClientDriver)
[2026-08-08 14:49:20,760] INFO [MetadataLoader id=0] initializeNewPublishers: the loader is still catching up because we still don't know the high water mark yet. (org.apache.kafka.image.loader.MetadataLoader)
[2026-08-08 14:49:20,769] INFO [ControllerServer id=0] Waiting for controller quorum voters future (kafka.server.ControllerServer)
[2026-08-08 14:49:20,770] INFO [ControllerServer id=0] Finished waiting for controller quorum voters future (kafka.server.ControllerServer)
[2026-08-08 14:49:20,773] INFO [RaftManager id=0] High watermark set to LogOffsetMetadata(offset=3886, metadata=Optional[(segmentBaseOffset=0,relativePositionInSegment=279227)]) for the first time for epoch 3 based on indexOfHw 0 and voters [ReplicaState(replicaKey=ReplicaKey(id=0, directoryId=<undefined>), endOffset=Optional[LogOffsetMetadata(offset=3886, metadata=Optional[(segmentBaseOffset=0,relativePositionInSegment=279227)])], lastFetchTimestamp=-1, lastCaughtUpTimestamp=-1, hasAcknowledgedLeader=true)] (org.apache.kafka.raft.LeaderState)
[2026-08-08 14:49:20,789] INFO [RaftManager id=0] Registered the listener org.apache.kafka.image.loader.MetadataLoader@932781395 (org.apache.kafka.raft.KafkaRaftClient)
[2026-08-08 14:49:20,792] INFO [RaftManager id=0] Setting the next offset of org.apache.kafka.image.loader.MetadataLoader@932781395 to 0 since there are no snapshots (org.apache.kafka.raft.KafkaRaftClient)
[2026-08-08 14:49:20,799] INFO [MetadataLoader id=0] maybePublishMetadata(LOG_DELTA): The loader is still catching up because we have loaded up to offset 0, but the high water mark is 3886 (org.apache.kafka.image.loader.MetadataLoader)
[2026-08-08 14:49:20,857] INFO [RaftManager id=0] Registered the listener org.apache.kafka.controller.QuorumController$QuorumMetaLogListener@2068962139 (org.apache.kafka.raft.KafkaRaftClient)
[2026-08-08 14:49:20,857] INFO [RaftManager id=0] Setting the next offset of org.apache.kafka.controller.QuorumController$QuorumMetaLogListener@2068962139 to 0 since there are no snapshots (org.apache.kafka.raft.KafkaRaftClient)
[2026-08-08 14:49:20,871] INFO [controller-0-ThrottledChannelReaper-Fetch]: Starting (kafka.server.ClientQuotaManager$ThrottledChannelReaper)
[2026-08-08 14:49:20,871] INFO [controller-0-ThrottledChannelReaper-Produce]: Starting (kafka.server.ClientQuotaManager$ThrottledChannelReaper)
[2026-08-08 14:49:20,874] INFO [controller-0-ThrottledChannelReaper-Request]: Starting (kafka.server.ClientQuotaManager$ThrottledChannelReaper)
[2026-08-08 14:49:20,877] INFO [controller-0-ThrottledChannelReaper-ControllerMutation]: Starting (kafka.server.ClientQuotaManager$ThrottledChannelReaper)
[2026-08-08 14:49:20,926] INFO [MetadataLoader id=0] maybePublishMetadata(LOG_DELTA): The loader finished catching up to the current high water mark of 3886 (org.apache.kafka.image.loader.MetadataLoader)
[2026-08-08 14:49:20,935] INFO [ExpirationReaper-0-null]: Starting (org.apache.kafka.server.purgatory.DelayedOperationPurgatory$ExpiredOperationReaper)
[2026-08-08 14:49:20,936] INFO [MetadataLoader id=0] InitializeNewPublishers: initializing SnapshotGenerator with a snapshot at offset 3885 (org.apache.kafka.image.loader.MetadataLoader)
[2026-08-08 14:49:20,984] INFO [ControllerServer id=0] Waiting for the controller metadata publishers to be installed (kafka.server.ControllerServer)
[2026-08-08 14:49:20,986] INFO [ControllerServer id=0] Finished waiting for the controller metadata publishers to be installed (kafka.server.ControllerServer)
[2026-08-08 14:49:20,988] INFO [SocketServer listenerType=CONTROLLER, nodeId=0] Enabling request processing. (kafka.network.SocketServer)
[2026-08-08 14:49:20,990] INFO [MetadataLoader id=0] InitializeNewPublishers: initializing KRaftMetadataCachePublisher with a snapshot at offset 3885 (org.apache.kafka.image.loader.MetadataLoader)
[2026-08-08 14:49:20,991] INFO [MetadataLoader id=0] InitializeNewPublishers: initializing FeaturesPublisher with a snapshot at offset 3885 (org.apache.kafka.image.loader.MetadataLoader)
[2026-08-08 14:49:20,994] INFO [ControllerServer id=0] Loaded new metadata Features(metadataVersion=4.0-IV3, finalizedFeatures={group.version=1, transaction.version=2, metadata.version=25}, finalizedFeaturesEpoch=3885). (org.apache.kafka.metadata.publisher.FeaturesPublisher)
[2026-08-08 14:49:20,995] INFO [MetadataLoader id=0] InitializeNewPublishers: initializing ControllerRegistrationsPublisher with a snapshot at offset 3885 (org.apache.kafka.image.loader.MetadataLoader)
[2026-08-08 14:49:20,995] INFO [MetadataLoader id=0] InitializeNewPublishers: initializing ControllerRegistrationManager with a snapshot at offset 3885 (org.apache.kafka.image.loader.MetadataLoader)
[2026-08-08 14:49:20,996] INFO [MetadataLoader id=0] InitializeNewPublishers: initializing DynamicConfigPublisher controller id=0 with a snapshot at offset 3885 (org.apache.kafka.image.loader.MetadataLoader)
[2026-08-08 14:49:20,998] INFO Awaiting socket connections on 127.0.0.1:9093. (kafka.network.DataPlaneAcceptor)
[2026-08-08 14:49:20,998] INFO [MetadataLoader id=0] InitializeNewPublishers: initializing DynamicClientQuotaPublisher controller id=0 with a snapshot at offset 3885 (org.apache.kafka.image.loader.MetadataLoader)
[2026-08-08 14:49:21,000] INFO [ControllerRegistrationManager id=0 incarnation=yBdl_yrMQ-GAnzTUYYdaYw] Found registration for LXOtgn-HToeZyY1JoGwE6g instead of our incarnation. (kafka.server.ControllerRegistrationManager)
[2026-08-08 14:49:21,000] INFO [MetadataLoader id=0] InitializeNewPublishers: initializing DynamicTopicClusterQuotaPublisher controller id=0 with a snapshot at offset 3885 (org.apache.kafka.image.loader.MetadataLoader)
[2026-08-08 14:49:21,001] INFO [MetadataLoader id=0] InitializeNewPublishers: initializing ScramPublisher controller id=0 with a snapshot at offset 3885 (org.apache.kafka.image.loader.MetadataLoader)
[2026-08-08 14:49:21,003] INFO [MetadataLoader id=0] InitializeNewPublishers: initializing DelegationTokenPublisher controller id=0 with a snapshot at offset 3885 (org.apache.kafka.image.loader.MetadataLoader)
[2026-08-08 14:49:21,014] INFO [MetadataLoader id=0] InitializeNewPublishers: initializing ControllerMetadataMetricsPublisher with a snapshot at offset 3885 (org.apache.kafka.image.loader.MetadataLoader)
[2026-08-08 14:49:21,015] INFO [MetadataLoader id=0] InitializeNewPublishers: initializing AclPublisher controller id=0 with a snapshot at offset 3885 (org.apache.kafka.image.loader.MetadataLoader)
[2026-08-08 14:49:21,019] INFO [AclPublisher controller id=0] Loading authorizer snapshot at offset 3885 (kafka.server.metadata.AclPublisher)
[2026-08-08 14:49:21,021] INFO [controller-0-to-controller-registration-channel-manager]: Starting (kafka.server.NodeToControllerRequestThread)
[2026-08-08 14:49:21,021] INFO [StandardAuthorizer 0] Initialized with 0 acl(s). (org.apache.kafka.metadata.authorizer.StandardAuthorizerData)
[2026-08-08 14:49:21,022] INFO [ControllerRegistrationManager id=0 incarnation=yBdl_yrMQ-GAnzTUYYdaYw] initialized channel manager. (kafka.server.ControllerRegistrationManager)
[2026-08-08 14:49:21,022] INFO [StandardAuthorizer 0] Completed initial ACL load process. (org.apache.kafka.metadata.authorizer.StandardAuthorizerData)
[2026-08-08 14:49:21,022] INFO [ControllerServer id=0] Waiting for all of the authorizer futures to be completed (kafka.server.ControllerServer)
[2026-08-08 14:49:21,023] INFO [ControllerServer id=0] Finished waiting for all of the authorizer futures to be completed (kafka.server.ControllerServer)
[2026-08-08 14:49:21,023] INFO [controller-0-to-controller-registration-channel-manager]: Recorded new KRaft controller, from now on will use node 127.0.0.1:9093 (id: 0 rack: null isFenced: false) (kafka.server.NodeToControllerRequestThread)
[2026-08-08 14:49:21,023] INFO [ControllerServer id=0] Waiting for all of the SocketServer Acceptors to be started (kafka.server.ControllerServer)
[2026-08-08 14:49:21,023] INFO [ControllerServer id=0] Finished waiting for all of the SocketServer Acceptors to be started (kafka.server.ControllerServer)
[2026-08-08 14:49:21,025] INFO [BrokerServer id=0] Transition from SHUTDOWN to STARTING (kafka.server.BrokerServer)
[2026-08-08 14:49:21,027] INFO [BrokerServer id=0] Starting broker (kafka.server.BrokerServer)
[2026-08-08 14:49:21,032] INFO [ControllerRegistrationManager id=0 incarnation=yBdl_yrMQ-GAnzTUYYdaYw] sendControllerRegistration: attempting to send ControllerRegistrationRequestData(controllerId=0, incarnationId=yBdl_yrMQ-GAnzTUYYdaYw, zkMigrationReady=false, listeners=[Listener(name='CONTROLLER', host='127.0.0.1', port=9093, securityProtocol=0)], features=[Feature(name='group.version', minSupportedVersion=0, maxSupportedVersion=1), Feature(name='transaction.version', minSupportedVersion=0, maxSupportedVersion=2), Feature(name='eligible.leader.replicas.version', minSupportedVersion=0, maxSupportedVersion=1), Feature(name='kraft.version', minSupportedVersion=0, maxSupportedVersion=1), Feature(name='metadata.version', minSupportedVersion=7, maxSupportedVersion=25)]) (kafka.server.ControllerRegistrationManager)
[2026-08-08 14:49:21,052] INFO [broker-0-ThrottledChannelReaper-Fetch]: Starting (kafka.server.ClientQuotaManager$ThrottledChannelReaper)
[2026-08-08 14:49:21,052] INFO [broker-0-ThrottledChannelReaper-Produce]: Starting (kafka.server.ClientQuotaManager$ThrottledChannelReaper)
[2026-08-08 14:49:21,056] INFO [broker-0-ThrottledChannelReaper-ControllerMutation]: Starting (kafka.server.ClientQuotaManager$ThrottledChannelReaper)
[2026-08-08 14:49:21,057] INFO [broker-0-ThrottledChannelReaper-Request]: Starting (kafka.server.ClientQuotaManager$ThrottledChannelReaper)
[2026-08-08 14:49:21,116] INFO [BrokerServer id=0] Waiting for controller quorum voters future (kafka.server.BrokerServer)
[2026-08-08 14:49:21,117] INFO [BrokerServer id=0] Finished waiting for controller quorum voters future (kafka.server.BrokerServer)
[2026-08-08 14:49:21,121] INFO [broker-0-to-controller-forwarding-channel-manager]: Starting (kafka.server.NodeToControllerRequestThread)
[2026-08-08 14:49:21,122] INFO [broker-0-to-controller-forwarding-channel-manager]: Recorded new KRaft controller, from now on will use node 127.0.0.1:9093 (id: 0 rack: null isFenced: false) (kafka.server.NodeToControllerRequestThread)
[2026-08-08 14:49:21,145] INFO [client-metrics-reaper]: Starting (org.apache.kafka.server.util.timer.SystemTimerReaper$Reaper)
[2026-08-08 14:49:21,172] INFO Updated connection-accept-rate max connection creation rate to 2147483647 (kafka.network.ConnectionQuotas)
[2026-08-08 14:49:21,185] WARN Broker configuration 'ssl.client.auth' is applied only to SSL listeners. Listener-prefixed configuration can be used to enable SSL client authentication for SASL_SSL listeners. In future releases, broker-wide option without listener prefix may be applied to SASL_SSL listeners as well. All configuration options intended for specific listeners should be listener-prefixed. (org.apache.kafka.common.network.ChannelBuilders)
[2026-08-08 14:49:21,240] INFO [ControllerRegistrationManager id=0 incarnation=yBdl_yrMQ-GAnzTUYYdaYw] Our registration has been persisted to the metadata log. (kafka.server.ControllerRegistrationManager)
[2026-08-08 14:49:21,247] INFO [ControllerRegistrationManager id=0 incarnation=yBdl_yrMQ-GAnzTUYYdaYw] RegistrationResponseHandler: controller acknowledged ControllerRegistrationRequest. (kafka.server.ControllerRegistrationManager)
[2026-08-08 14:49:21,301] INFO Successfully logged in. (org.apache.kafka.common.security.authenticator.AbstractLogin)
[2026-08-08 14:49:22,077] WARN Broker configuration 'ssl.client.auth' is applied only to SSL listeners. Listener-prefixed configuration can be used to enable SSL client authentication for SASL_SSL listeners. In future releases, broker-wide option without listener prefix may be applied to SASL_SSL listeners as well. All configuration options intended for specific listeners should be listener-prefixed. (org.apache.kafka.common.network.ChannelBuilders)
[2026-08-08 14:49:22,234] WARN Broker configuration 'ssl.client.auth' is applied only to SSL listeners. Listener-prefixed configuration can be used to enable SSL client authentication for SASL_SSL listeners. In future releases, broker-wide option without listener prefix may be applied to SASL_SSL listeners as well. All configuration options intended for specific listeners should be listener-prefixed. (org.apache.kafka.common.network.ChannelBuilders)
[2026-08-08 14:49:22,345] INFO [SocketServer listenerType=BROKER, nodeId=0] Created data-plane acceptor and processors for endpoint : ListenerName(SASL_SSL) (kafka.network.SocketServer)
[2026-08-08 14:49:22,355] INFO [broker-0-to-controller-alter-partition-channel-manager]: Starting (kafka.server.NodeToControllerRequestThread)
[2026-08-08 14:49:22,356] INFO [broker-0-to-controller-alter-partition-channel-manager]: Recorded new KRaft controller, from now on will use node 127.0.0.1:9093 (id: 0 rack: null isFenced: false) (kafka.server.NodeToControllerRequestThread)
[2026-08-08 14:49:22,389] INFO [broker-0-to-controller-directory-assignments-channel-manager]: Starting (kafka.server.NodeToControllerRequestThread)
[2026-08-08 14:49:22,389] INFO [broker-0-to-controller-directory-assignments-channel-manager]: Recorded new KRaft controller, from now on will use node 127.0.0.1:9093 (id: 0 rack: null isFenced: false) (kafka.server.NodeToControllerRequestThread)
[2026-08-08 14:49:22,413] INFO [ExpirationReaper-0-null]: Starting (org.apache.kafka.server.purgatory.DelayedOperationPurgatory$ExpiredOperationReaper)
[2026-08-08 14:49:22,414] INFO [ExpirationReaper-0-null]: Starting (org.apache.kafka.server.purgatory.DelayedOperationPurgatory$ExpiredOperationReaper)
[2026-08-08 14:49:22,415] INFO [ExpirationReaper-0-null]: Starting (org.apache.kafka.server.purgatory.DelayedOperationPurgatory$ExpiredOperationReaper)
[2026-08-08 14:49:22,417] INFO [ExpirationReaper-0-null]: Starting (org.apache.kafka.server.purgatory.DelayedOperationPurgatory$ExpiredOperationReaper)
[2026-08-08 14:49:22,419] INFO [ExpirationReaper-0-null]: Starting (org.apache.kafka.server.purgatory.DelayedOperationPurgatory$ExpiredOperationReaper)
[2026-08-08 14:49:22,419] INFO [ExpirationReaper-0-null]: Starting (org.apache.kafka.server.purgatory.DelayedOperationPurgatory$ExpiredOperationReaper)
[2026-08-08 14:49:22,447] INFO [BrokerServer id=0] Using no op persister (kafka.server.BrokerServer)
[2026-08-08 14:49:22,451] INFO [group-coordinator-reaper]: Starting (org.apache.kafka.server.util.timer.SystemTimerReaper$Reaper)
[2026-08-08 14:49:22,516] INFO [group-coordinator-event-processor-0]: Starting (org.apache.kafka.coordinator.common.runtime.MultiThreadedEventProcessor$EventProcessorThread)
[2026-08-08 14:49:22,517] INFO [group-coordinator-event-processor-2]: Starting (org.apache.kafka.coordinator.common.runtime.MultiThreadedEventProcessor$EventProcessorThread)
[2026-08-08 14:49:22,517] INFO [group-coordinator-event-processor-1]: Starting (org.apache.kafka.coordinator.common.runtime.MultiThreadedEventProcessor$EventProcessorThread)
[2026-08-08 14:49:22,520] INFO [group-coordinator-event-processor-3]: Starting (org.apache.kafka.coordinator.common.runtime.MultiThreadedEventProcessor$EventProcessorThread)
[2026-08-08 14:49:22,695] INFO [StandardAuthorizer 0] set super.users=User:ANONYMOUS,User:admin,User:controller, default result=ALLOWED (org.apache.kafka.metadata.authorizer.StandardAuthorizerData)
[2026-08-08 14:49:22,695] INFO [broker-0-to-controller-heartbeat-channel-manager]: Starting (kafka.server.NodeToControllerRequestThread)
[2026-08-08 14:49:22,696] INFO [broker-0-to-controller-heartbeat-channel-manager]: Recorded new KRaft controller, from now on will use node 127.0.0.1:9093 (id: 0 rack: null isFenced: false) (kafka.server.NodeToControllerRequestThread)
[2026-08-08 14:49:22,701] INFO [BrokerLifecycleManager id=0] Incarnation RKhCGg0rR3uQiZsp4v8czw of broker 0 in cluster 5hB35yl2S0OprtlCchJeVQ is now STARTING. (kafka.server.BrokerLifecycleManager)
[2026-08-08 14:49:22,720] INFO [BrokerLifecycleManager id=0] Unable to register broker 0 because the controller returned error DUPLICATE_BROKER_REGISTRATION (kafka.server.BrokerLifecycleManager)
[2026-08-08 14:49:22,720] INFO [share-group-lock-timeout-reaper]: Starting (org.apache.kafka.server.util.timer.SystemTimerReaper$Reaper)
[2026-08-08 14:49:22,739] INFO [ExpirationReaper-0-null]: Starting (org.apache.kafka.server.purgatory.DelayedOperationPurgatory$ExpiredOperationReaper)
[2026-08-08 14:49:22,795] INFO [BrokerServer id=0] Waiting for the broker metadata publishers to be installed (kafka.server.BrokerServer)
[2026-08-08 14:49:22,795] INFO [BrokerServer id=0] Finished waiting for the broker metadata publishers to be installed (kafka.server.BrokerServer)
[2026-08-08 14:49:22,796] INFO [BrokerServer id=0] Waiting for the controller to acknowledge that we are caught up (kafka.server.BrokerServer)
[2026-08-08 14:49:22,798] INFO [MetadataLoader id=0] InitializeNewPublishers: initializing MetadataVersionPublisher(id=0) with a snapshot at offset 3889 (org.apache.kafka.image.loader.MetadataLoader)
[2026-08-08 14:49:22,798] INFO [MetadataLoader id=0] InitializeNewPublishers: initializing BrokerMetadataPublisher with a snapshot at offset 3889 (org.apache.kafka.image.loader.MetadataLoader)
[2026-08-08 14:49:22,804] INFO [BrokerMetadataPublisher id=0] Publishing initial metadata at offset OffsetAndEpoch(offset=3889, epoch=3) with metadata.version Optional[4.0-IV3]. (kafka.server.metadata.BrokerMetadataPublisher)
[2026-08-08 14:49:22,810] INFO Loading logs from log dirs ArrayBuffer(/home/deepone/kafka_2.13-4.0.0/logs/kafka-data-0) (kafka.log.LogManager)
[2026-08-08 14:49:22,820] INFO Skipping recovery of 51 logs from /home/deepone/kafka_2.13-4.0.0/logs/kafka-data-0 since clean shutdown file was found (kafka.log.LogManager)
[2026-08-08 14:49:22,826] INFO [BrokerLifecycleManager id=0] Unable to register broker 0 because the controller returned error DUPLICATE_BROKER_REGISTRATION (kafka.server.BrokerLifecycleManager)
[2026-08-08 14:49:22,844] INFO [LogLoader partition=__consumer_offsets-3, dir=/home/deepone/kafka_2.13-4.0.0/logs/kafka-data-0] Loading producer state till offset 0 (org.apache.kafka.storage.internals.log.UnifiedLog)
[2026-08-08 14:49:22,859] INFO Completed load of Log(dir=/home/deepone/kafka_2.13-4.0.0/logs/kafka-data-0/__consumer_offsets-3, topicId=yAKEixxUT1yJzTyrH9xg3A, topic=__consumer_offsets, partition=3, highWatermark=0, lastStableOffset=0, logStartOffset=0, logEndOffset=0) with 1 segments, local-log-start-offset 0 and log-end-offset 0 in 12ms (1/51 completed in /home/deepone/kafka_2.13-4.0.0/logs/kafka-data-0) (kafka.log.LogManager)
[2026-08-08 14:49:22,866] INFO [LogLoader partition=__consumer_offsets-19, dir=/home/deepone/kafka_2.13-4.0.0/logs/kafka-data-0] Loading producer state till offset 0 (org.apache.kafka.storage.internals.log.UnifiedLog)
[2026-08-08 14:49:22,869] INFO Completed load of Log(dir=/home/deepone/kafka_2.13-4.0.0/logs/kafka-data-0/__consumer_offsets-19, topicId=yAKEixxUT1yJzTyrH9xg3A, topic=__consumer_offsets, partition=19, highWatermark=0, lastStableOffset=0, logStartOffset=0, logEndOffset=0) with 1 segments, local-log-start-offset 0 and log-end-offset 0 in 9ms (2/51 completed in /home/deepone/kafka_2.13-4.0.0/logs/kafka-data-0) (kafka.log.LogManager)
[2026-08-08 14:49:22,876] INFO [LogLoader partition=__consumer_offsets-34, dir=/home/deepone/kafka_2.13-4.0.0/logs/kafka-data-0] Loading producer state till offset 0 (org.apache.kafka.storage.internals.log.UnifiedLog)
[2026-08-08 14:49:22,884] INFO Completed load of Log(dir=/home/deepone/kafka_2.13-4.0.0/logs/kafka-data-0/__consumer_offsets-34, topicId=yAKEixxUT1yJzTyrH9xg3A, topic=__consumer_offsets, partition=34, highWatermark=0, lastStableOffset=0, logStartOffset=0, logEndOffset=0) with 1 segments, local-log-start-offset 0 and log-end-offset 0 in 15ms (3/51 completed in /home/deepone/kafka_2.13-4.0.0/logs/kafka-data-0) (kafka.log.LogManager)
[2026-08-08 14:49:22,891] INFO [LogLoader partition=__consumer_offsets-28, dir=/home/deepone/kafka_2.13-4.0.0/logs/kafka-data-0] Loading producer state till offset 0 (org.apache.kafka.storage.internals.log.UnifiedLog)
[2026-08-08 14:49:22,893] INFO Completed load of Log(dir=/home/deepone/kafka_2.13-4.0.0/logs/kafka-data-0/__consumer_offsets-28, topicId=yAKEixxUT1yJzTyrH9xg3A, topic=__consumer_offsets, partition=28, highWatermark=0, lastStableOffset=0, logStartOffset=0, logEndOffset=0) with 1 segments, local-log-start-offset 0 and log-end-offset 0 in 8ms (4/51 completed in /home/deepone/kafka_2.13-4.0.0/logs/kafka-data-0) (kafka.log.LogManager)
[2026-08-08 14:49:22,900] INFO [LogLoader partition=__consumer_offsets-45, dir=/home/deepone/kafka_2.13-4.0.0/logs/kafka-data-0] Loading producer state till offset 0 (org.apache.kafka.storage.internals.log.UnifiedLog)
[2026-08-08 14:49:22,910] INFO Completed load of Log(dir=/home/deepone/kafka_2.13-4.0.0/logs/kafka-data-0/__consumer_offsets-45, topicId=yAKEixxUT1yJzTyrH9xg3A, topic=__consumer_offsets, partition=45, highWatermark=0, lastStableOffset=0, logStartOffset=0, logEndOffset=0) with 1 segments, local-log-start-offset 0 and log-end-offset 0 in 16ms (5/51 completed in /home/deepone/kafka_2.13-4.0.0/logs/kafka-data-0) (kafka.log.LogManager)
[2026-08-08 14:49:22,917] INFO [LogLoader partition=__consumer_offsets-20, dir=/home/deepone/kafka_2.13-4.0.0/logs/kafka-data-0] Loading producer state till offset 0 (org.apache.kafka.storage.internals.log.UnifiedLog)
[2026-08-08 14:49:22,919] INFO Completed load of Log(dir=/home/deepone/kafka_2.13-4.0.0/logs/kafka-data-0/__consumer_offsets-20, topicId=yAKEixxUT1yJzTyrH9xg3A, topic=__consumer_offsets, partition=20, highWatermark=0, lastStableOffset=0, logStartOffset=0, logEndOffset=0) with 1 segments, local-log-start-offset 0 and log-end-offset 0 in 8ms (6/51 completed in /home/deepone/kafka_2.13-4.0.0/logs/kafka-data-0) (kafka.log.LogManager)
[2026-08-08 14:49:22,924] INFO [LogLoader partition=__consumer_offsets-13, dir=/home/deepone/kafka_2.13-4.0.0/logs/kafka-data-0] Loading producer state till offset 0 (org.apache.kafka.storage.internals.log.UnifiedLog)
[2026-08-08 14:49:22,927] INFO Completed load of Log(dir=/home/deepone/kafka_2.13-4.0.0/logs/kafka-data-0/__consumer_offsets-13, topicId=yAKEixxUT1yJzTyrH9xg3A, topic=__consumer_offsets, partition=13, highWatermark=0, lastStableOffset=0, logStartOffset=0, logEndOffset=0) with 1 segments, local-log-start-offset 0 and log-end-offset 0 in 7ms (7/51 completed in /home/deepone/kafka_2.13-4.0.0/logs/kafka-data-0) (kafka.log.LogManager)
[2026-08-08 14:49:22,931] INFO [LogLoader partition=__consumer_offsets-8, dir=/home/deepone/kafka_2.13-4.0.0/logs/kafka-data-0] Loading producer state till offset 0 (org.apache.kafka.storage.internals.log.UnifiedLog)
[2026-08-08 14:49:22,933] INFO Completed load of Log(dir=/home/deepone/kafka_2.13-4.0.0/logs/kafka-data-0/__consumer_offsets-8, topicId=yAKEixxUT1yJzTyrH9xg3A, topic=__consumer_offsets, partition=8, highWatermark=0, lastStableOffset=0, logStartOffset=0, logEndOffset=0) with 1 segments, local-log-start-offset 0 and log-end-offset 0 in 7ms (8/51 completed in /home/deepone/kafka_2.13-4.0.0/logs/kafka-data-0) (kafka.log.LogManager)
[2026-08-08 14:49:22,939] INFO [LogLoader partition=__consumer_offsets-1, dir=/home/deepone/kafka_2.13-4.0.0/logs/kafka-data-0] Loading producer state till offset 3 (org.apache.kafka.storage.internals.log.UnifiedLog)
[2026-08-08 14:49:22,940] INFO [LogLoader partition=__consumer_offsets-1, dir=/home/deepone/kafka_2.13-4.0.0/logs/kafka-data-0] Reloading from producer snapshot and rebuilding producer state from offset 3 (org.apache.kafka.storage.internals.log.UnifiedLog)
[2026-08-08 14:49:22,940] INFO [ProducerStateManager partition=__consumer_offsets-1] Loading producer state from snapshot file 'SnapshotFile(offset=3, file=/home/deepone/kafka_2.13-4.0.0/logs/kafka-data-0/__consumer_offsets-1/00000000000000000003.snapshot)' (org.apache.kafka.storage.internals.log.ProducerStateManager)
[2026-08-08 14:49:22,941] INFO [LogLoader partition=__consumer_offsets-1, dir=/home/deepone/kafka_2.13-4.0.0/logs/kafka-data-0] Producer state recovery took 1ms for snapshot load and 0ms for segment recovery from offset 3 (org.apache.kafka.storage.internals.log.UnifiedLog)
[2026-08-08 14:49:22,946] INFO Completed load of Log(dir=/home/deepone/kafka_2.13-4.0.0/logs/kafka-data-0/__consumer_offsets-1, topicId=yAKEixxUT1yJzTyrH9xg3A, topic=__consumer_offsets, partition=1, highWatermark=0, lastStableOffset=0, logStartOffset=0, logEndOffset=3) with 1 segments, local-log-start-offset 0 and log-end-offset 3 in 12ms (9/51 completed in /home/deepone/kafka_2.13-4.0.0/logs/kafka-data-0) (kafka.log.LogManager)
[2026-08-08 14:49:22,952] INFO [LogLoader partition=__consumer_offsets-17, dir=/home/deepone/kafka_2.13-4.0.0/logs/kafka-data-0] Loading producer state till offset 0 (org.apache.kafka.storage.internals.log.UnifiedLog)
[2026-08-08 14:49:22,954] INFO Completed load of Log(dir=/home/deepone/kafka_2.13-4.0.0/logs/kafka-data-0/__consumer_offsets-17, topicId=yAKEixxUT1yJzTyrH9xg3A, topic=__consumer_offsets, partition=17, highWatermark=0, lastStableOffset=0, logStartOffset=0, logEndOffset=0) with 1 segments, local-log-start-offset 0 and log-end-offset 0 in 7ms (10/51 completed in /home/deepone/kafka_2.13-4.0.0/logs/kafka-data-0) (kafka.log.LogManager)
[2026-08-08 14:49:22,970] INFO [LogLoader partition=__consumer_offsets-6, dir=/home/deepone/kafka_2.13-4.0.0/logs/kafka-data-0] Loading producer state till offset 0 (org.apache.kafka.storage.internals.log.UnifiedLog)
[2026-08-08 14:49:22,972] INFO Completed load of Log(dir=/home/deepone/kafka_2.13-4.0.0/logs/kafka-data-0/__consumer_offsets-6, topicId=yAKEixxUT1yJzTyrH9xg3A, topic=__consumer_offsets, partition=6, highWatermark=0, lastStableOffset=0, logStartOffset=0, logEndOffset=0) with 1 segments, local-log-start-offset 0 and log-end-offset 0 in 18ms (11/51 completed in /home/deepone/kafka_2.13-4.0.0/logs/kafka-data-0) (kafka.log.LogManager)
[2026-08-08 14:49:22,977] INFO [LogLoader partition=__consumer_offsets-35, dir=/home/deepone/kafka_2.13-4.0.0/logs/kafka-data-0] Loading producer state till offset 0 (org.apache.kafka.storage.internals.log.UnifiedLog)
[2026-08-08 14:49:22,979] INFO Completed load of Log(dir=/home/deepone/kafka_2.13-4.0.0/logs/kafka-data-0/__consumer_offsets-35, topicId=yAKEixxUT1yJzTyrH9xg3A, topic=__consumer_offsets, partition=35, highWatermark=0, lastStableOffset=0, logStartOffset=0, logEndOffset=0) with 1 segments, local-log-start-offset 0 and log-end-offset 0 in 6ms (12/51 completed in /home/deepone/kafka_2.13-4.0.0/logs/kafka-data-0) (kafka.log.LogManager)
[2026-08-08 14:49:22,985] INFO [LogLoader partition=__consumer_offsets-14, dir=/home/deepone/kafka_2.13-4.0.0/logs/kafka-data-0] Loading producer state till offset 0 (org.apache.kafka.storage.internals.log.UnifiedLog)
[2026-08-08 14:49:22,993] INFO Completed load of Log(dir=/home/deepone/kafka_2.13-4.0.0/logs/kafka-data-0/__consumer_offsets-14, topicId=yAKEixxUT1yJzTyrH9xg3A, topic=__consumer_offsets, partition=14, highWatermark=0, lastStableOffset=0, logStartOffset=0, logEndOffset=0) with 1 segments, local-log-start-offset 0 and log-end-offset 0 in 14ms (13/51 completed in /home/deepone/kafka_2.13-4.0.0/logs/kafka-data-0) (kafka.log.LogManager)
[2026-08-08 14:49:22,999] INFO [LogLoader partition=__consumer_offsets-4, dir=/home/deepone/kafka_2.13-4.0.0/logs/kafka-data-0] Loading producer state till offset 0 (org.apache.kafka.storage.internals.log.UnifiedLog)
[2026-08-08 14:49:23,003] INFO Completed load of Log(dir=/home/deepone/kafka_2.13-4.0.0/logs/kafka-data-0/__consumer_offsets-4, topicId=yAKEixxUT1yJzTyrH9xg3A, topic=__consumer_offsets, partition=4, highWatermark=0, lastStableOffset=0, logStartOffset=0, logEndOffset=0) with 1 segments, local-log-start-offset 0 and log-end-offset 0 in 10ms (14/51 completed in /home/deepone/kafka_2.13-4.0.0/logs/kafka-data-0) (kafka.log.LogManager)
[2026-08-08 14:49:23,008] INFO [LogLoader partition=__consumer_offsets-41, dir=/home/deepone/kafka_2.13-4.0.0/logs/kafka-data-0] Loading producer state till offset 0 (org.apache.kafka.storage.internals.log.UnifiedLog)
[2026-08-08 14:49:23,010] INFO Completed load of Log(dir=/home/deepone/kafka_2.13-4.0.0/logs/kafka-data-0/__consumer_offsets-41, topicId=yAKEixxUT1yJzTyrH9xg3A, topic=__consumer_offsets, partition=41, highWatermark=0, lastStableOffset=0, logStartOffset=0, logEndOffset=0) with 1 segments, local-log-start-offset 0 and log-end-offset 0 in 6ms (15/51 completed in /home/deepone/kafka_2.13-4.0.0/logs/kafka-data-0) (kafka.log.LogManager)
[2026-08-08 14:49:23,016] INFO [LogLoader partition=__consumer_offsets-43, dir=/home/deepone/kafka_2.13-4.0.0/logs/kafka-data-0] Loading producer state till offset 0 (org.apache.kafka.storage.internals.log.UnifiedLog)
[2026-08-08 14:49:23,022] INFO Completed load of Log(dir=/home/deepone/kafka_2.13-4.0.0/logs/kafka-data-0/__consumer_offsets-43, topicId=yAKEixxUT1yJzTyrH9xg3A, topic=__consumer_offsets, partition=43, highWatermark=0, lastStableOffset=0, logStartOffset=0, logEndOffset=0) with 1 segments, local-log-start-offset 0 and log-end-offset 0 in 12ms (16/51 completed in /home/deepone/kafka_2.13-4.0.0/logs/kafka-data-0) (kafka.log.LogManager)
[2026-08-08 14:49:23,029] INFO [LogLoader partition=__consumer_offsets-12, dir=/home/deepone/kafka_2.13-4.0.0/logs/kafka-data-0] Loading producer state till offset 0 (org.apache.kafka.storage.internals.log.UnifiedLog)
[2026-08-08 14:49:23,031] INFO Completed load of Log(dir=/home/deepone/kafka_2.13-4.0.0/logs/kafka-data-0/__consumer_offsets-12, topicId=yAKEixxUT1yJzTyrH9xg3A, topic=__consumer_offsets, partition=12, highWatermark=0, lastStableOffset=0, logStartOffset=0, logEndOffset=0) with 1 segments, local-log-start-offset 0 and log-end-offset 0 in 8ms (17/51 completed in /home/deepone/kafka_2.13-4.0.0/logs/kafka-data-0) (kafka.log.LogManager)
[2026-08-08 14:49:23,033] INFO [BrokerLifecycleManager id=0] Unable to register broker 0 because the controller returned error DUPLICATE_BROKER_REGISTRATION (kafka.server.BrokerLifecycleManager)
[2026-08-08 14:49:23,034] INFO [LogLoader partition=__consumer_offsets-47, dir=/home/deepone/kafka_2.13-4.0.0/logs/kafka-data-0] Loading producer state till offset 0 (org.apache.kafka.storage.internals.log.UnifiedLog)
[2026-08-08 14:49:23,036] INFO Completed load of Log(dir=/home/deepone/kafka_2.13-4.0.0/logs/kafka-data-0/__consumer_offsets-47, topicId=yAKEixxUT1yJzTyrH9xg3A, topic=__consumer_offsets, partition=47, highWatermark=0, lastStableOffset=0, logStartOffset=0, logEndOffset=0) with 1 segments, local-log-start-offset 0 and log-end-offset 0 in 6ms (18/51 completed in /home/deepone/kafka_2.13-4.0.0/logs/kafka-data-0) (kafka.log.LogManager)
[2026-08-08 14:49:23,041] INFO [LogLoader partition=__consumer_offsets-48, dir=/home/deepone/kafka_2.13-4.0.0/logs/kafka-data-0] Loading producer state till offset 0 (org.apache.kafka.storage.internals.log.UnifiedLog)
[2026-08-08 14:49:23,043] INFO Completed load of Log(dir=/home/deepone/kafka_2.13-4.0.0/logs/kafka-data-0/__consumer_offsets-48, topicId=yAKEixxUT1yJzTyrH9xg3A, topic=__consumer_offsets, partition=48, highWatermark=0, lastStableOffset=0, logStartOffset=0, logEndOffset=0) with 1 segments, local-log-start-offset 0 and log-end-offset 0 in 6ms (19/51 completed in /home/deepone/kafka_2.13-4.0.0/logs/kafka-data-0) (kafka.log.LogManager)
[2026-08-08 14:49:23,048] INFO [LogLoader partition=__consumer_offsets-11, dir=/home/deepone/kafka_2.13-4.0.0/logs/kafka-data-0] Loading producer state till offset 0 (org.apache.kafka.storage.internals.log.UnifiedLog)
[2026-08-08 14:49:23,050] INFO Completed load of Log(dir=/home/deepone/kafka_2.13-4.0.0/logs/kafka-data-0/__consumer_offsets-11, topicId=yAKEixxUT1yJzTyrH9xg3A, topic=__consumer_offsets, partition=11, highWatermark=0, lastStableOffset=0, logStartOffset=0, logEndOffset=0) with 1 segments, local-log-start-offset 0 and log-end-offset 0 in 6ms (20/51 completed in /home/deepone/kafka_2.13-4.0.0/logs/kafka-data-0) (kafka.log.LogManager)
[2026-08-08 14:49:23,059] INFO [LogLoader partition=__consumer_offsets-38, dir=/home/deepone/kafka_2.13-4.0.0/logs/kafka-data-0] Loading producer state till offset 0 (org.apache.kafka.storage.internals.log.UnifiedLog)
[2026-08-08 14:49:23,062] INFO Completed load of Log(dir=/home/deepone/kafka_2.13-4.0.0/logs/kafka-data-0/__consumer_offsets-38, topicId=yAKEixxUT1yJzTyrH9xg3A, topic=__consumer_offsets, partition=38, highWatermark=0, lastStableOffset=0, logStartOffset=0, logEndOffset=0) with 1 segments, local-log-start-offset 0 and log-end-offset 0 in 11ms (21/51 completed in /home/deepone/kafka_2.13-4.0.0/logs/kafka-data-0) (kafka.log.LogManager)
[2026-08-08 14:49:23,066] INFO [LogLoader partition=__consumer_offsets-33, dir=/home/deepone/kafka_2.13-4.0.0/logs/kafka-data-0] Loading producer state till offset 0 (org.apache.kafka.storage.internals.log.UnifiedLog)
[2026-08-08 14:49:23,067] INFO Completed load of Log(dir=/home/deepone/kafka_2.13-4.0.0/logs/kafka-data-0/__consumer_offsets-33, topicId=yAKEixxUT1yJzTyrH9xg3A, topic=__consumer_offsets, partition=33, highWatermark=0, lastStableOffset=0, logStartOffset=0, logEndOffset=0) with 1 segments, local-log-start-offset 0 and log-end-offset 0 in 5ms (22/51 completed in /home/deepone/kafka_2.13-4.0.0/logs/kafka-data-0) (kafka.log.LogManager)
[2026-08-08 14:49:23,071] INFO [LogLoader partition=__consumer_offsets-46, dir=/home/deepone/kafka_2.13-4.0.0/logs/kafka-data-0] Loading producer state till offset 0 (org.apache.kafka.storage.internals.log.UnifiedLog)
[2026-08-08 14:49:23,072] INFO Completed load of Log(dir=/home/deepone/kafka_2.13-4.0.0/logs/kafka-data-0/__consumer_offsets-46, topicId=yAKEixxUT1yJzTyrH9xg3A, topic=__consumer_offsets, partition=46, highWatermark=0, lastStableOffset=0, logStartOffset=0, logEndOffset=0) with 1 segments, local-log-start-offset 0 and log-end-offset 0 in 5ms (23/51 completed in /home/deepone/kafka_2.13-4.0.0/logs/kafka-data-0) (kafka.log.LogManager)
[2026-08-08 14:49:23,078] INFO [LogLoader partition=__consumer_offsets-22, dir=/home/deepone/kafka_2.13-4.0.0/logs/kafka-data-0] Loading producer state till offset 0 (org.apache.kafka.storage.internals.log.UnifiedLog)
[2026-08-08 14:49:23,083] INFO Completed load of Log(dir=/home/deepone/kafka_2.13-4.0.0/logs/kafka-data-0/__consumer_offsets-22, topicId=yAKEixxUT1yJzTyrH9xg3A, topic=__consumer_offsets, partition=22, highWatermark=0, lastStableOffset=0, logStartOffset=0, logEndOffset=0) with 1 segments, local-log-start-offset 0 and log-end-offset 0 in 10ms (24/51 completed in /home/deepone/kafka_2.13-4.0.0/logs/kafka-data-0) (kafka.log.LogManager)
[2026-08-08 14:49:23,092] INFO [LogLoader partition=__consumer_offsets-31, dir=/home/deepone/kafka_2.13-4.0.0/logs/kafka-data-0] Loading producer state till offset 0 (org.apache.kafka.storage.internals.log.UnifiedLog)
[2026-08-08 14:49:23,095] INFO Completed load of Log(dir=/home/deepone/kafka_2.13-4.0.0/logs/kafka-data-0/__consumer_offsets-31, topicId=yAKEixxUT1yJzTyrH9xg3A, topic=__consumer_offsets, partition=31, highWatermark=0, lastStableOffset=0, logStartOffset=0, logEndOffset=0) with 1 segments, local-log-start-offset 0 and log-end-offset 0 in 12ms (25/51 completed in /home/deepone/kafka_2.13-4.0.0/logs/kafka-data-0) (kafka.log.LogManager)
[2026-08-08 14:49:23,099] INFO [LogLoader partition=__consumer_offsets-21, dir=/home/deepone/kafka_2.13-4.0.0/logs/kafka-data-0] Loading producer state till offset 0 (org.apache.kafka.storage.internals.log.UnifiedLog)
[2026-08-08 14:49:23,102] INFO Completed load of Log(dir=/home/deepone/kafka_2.13-4.0.0/logs/kafka-data-0/__consumer_offsets-21, topicId=yAKEixxUT1yJzTyrH9xg3A, topic=__consumer_offsets, partition=21, highWatermark=0, lastStableOffset=0, logStartOffset=0, logEndOffset=0) with 1 segments, local-log-start-offset 0 and log-end-offset 0 in 6ms (26/51 completed in /home/deepone/kafka_2.13-4.0.0/logs/kafka-data-0) (kafka.log.LogManager)
[2026-08-08 14:49:23,106] INFO [LogLoader partition=__consumer_offsets-27, dir=/home/deepone/kafka_2.13-4.0.0/logs/kafka-data-0] Loading producer state till offset 0 (org.apache.kafka.storage.internals.log.UnifiedLog)
[2026-08-08 14:49:23,110] INFO Completed load of Log(dir=/home/deepone/kafka_2.13-4.0.0/logs/kafka-data-0/__consumer_offsets-27, topicId=yAKEixxUT1yJzTyrH9xg3A, topic=__consumer_offsets, partition=27, highWatermark=0, lastStableOffset=0, logStartOffset=0, logEndOffset=0) with 1 segments, local-log-start-offset 0 and log-end-offset 0 in 7ms (27/51 completed in /home/deepone/kafka_2.13-4.0.0/logs/kafka-data-0) (kafka.log.LogManager)
[2026-08-08 14:49:23,120] INFO [LogLoader partition=__consumer_offsets-23, dir=/home/deepone/kafka_2.13-4.0.0/logs/kafka-data-0] Loading producer state till offset 0 (org.apache.kafka.storage.internals.log.UnifiedLog)
[2026-08-08 14:49:23,124] INFO Completed load of Log(dir=/home/deepone/kafka_2.13-4.0.0/logs/kafka-data-0/__consumer_offsets-23, topicId=yAKEixxUT1yJzTyrH9xg3A, topic=__consumer_offsets, partition=23, highWatermark=0, lastStableOffset=0, logStartOffset=0, logEndOffset=0) with 1 segments, local-log-start-offset 0 and log-end-offset 0 in 12ms (28/51 completed in /home/deepone/kafka_2.13-4.0.0/logs/kafka-data-0) (kafka.log.LogManager)
[2026-08-08 14:49:23,129] INFO [LogLoader partition=__consumer_offsets-25, dir=/home/deepone/kafka_2.13-4.0.0/logs/kafka-data-0] Loading producer state till offset 0 (org.apache.kafka.storage.internals.log.UnifiedLog)
[2026-08-08 14:49:23,131] INFO Completed load of Log(dir=/home/deepone/kafka_2.13-4.0.0/logs/kafka-data-0/__consumer_offsets-25, topicId=yAKEixxUT1yJzTyrH9xg3A, topic=__consumer_offsets, partition=25, highWatermark=0, lastStableOffset=0, logStartOffset=0, logEndOffset=0) with 1 segments, local-log-start-offset 0 and log-end-offset 0 in 7ms (29/51 completed in /home/deepone/kafka_2.13-4.0.0/logs/kafka-data-0) (kafka.log.LogManager)
[2026-08-08 14:49:23,137] INFO [LogLoader partition=__consumer_offsets-49, dir=/home/deepone/kafka_2.13-4.0.0/logs/kafka-data-0] Loading producer state till offset 0 (org.apache.kafka.storage.internals.log.UnifiedLog)
[2026-08-08 14:49:23,139] INFO Completed load of Log(dir=/home/deepone/kafka_2.13-4.0.0/logs/kafka-data-0/__consumer_offsets-49, topicId=yAKEixxUT1yJzTyrH9xg3A, topic=__consumer_offsets, partition=49, highWatermark=0, lastStableOffset=0, logStartOffset=0, logEndOffset=0) with 1 segments, local-log-start-offset 0 and log-end-offset 0 in 7ms (30/51 completed in /home/deepone/kafka_2.13-4.0.0/logs/kafka-data-0) (kafka.log.LogManager)
[2026-08-08 14:49:23,144] INFO [LogLoader partition=__consumer_offsets-39, dir=/home/deepone/kafka_2.13-4.0.0/logs/kafka-data-0] Loading producer state till offset 0 (org.apache.kafka.storage.internals.log.UnifiedLog)
[2026-08-08 14:49:23,147] INFO Completed load of Log(dir=/home/deepone/kafka_2.13-4.0.0/logs/kafka-data-0/__consumer_offsets-39, topicId=yAKEixxUT1yJzTyrH9xg3A, topic=__consumer_offsets, partition=39, highWatermark=0, lastStableOffset=0, logStartOffset=0, logEndOffset=0) with 1 segments, local-log-start-offset 0 and log-end-offset 0 in 7ms (31/51 completed in /home/deepone/kafka_2.13-4.0.0/logs/kafka-data-0) (kafka.log.LogManager)
[2026-08-08 14:49:23,151] INFO [LogLoader partition=__consumer_offsets-16, dir=/home/deepone/kafka_2.13-4.0.0/logs/kafka-data-0] Loading producer state till offset 0 (org.apache.kafka.storage.internals.log.UnifiedLog)
[2026-08-08 14:49:23,154] INFO Completed load of Log(dir=/home/deepone/kafka_2.13-4.0.0/logs/kafka-data-0/__consumer_offsets-16, topicId=yAKEixxUT1yJzTyrH9xg3A, topic=__consumer_offsets, partition=16, highWatermark=0, lastStableOffset=0, logStartOffset=0, logEndOffset=0) with 1 segments, local-log-start-offset 0 and log-end-offset 0 in 6ms (32/51 completed in /home/deepone/kafka_2.13-4.0.0/logs/kafka-data-0) (kafka.log.LogManager)
[2026-08-08 14:49:23,160] INFO [LogLoader partition=__consumer_offsets-36, dir=/home/deepone/kafka_2.13-4.0.0/logs/kafka-data-0] Loading producer state till offset 0 (org.apache.kafka.storage.internals.log.UnifiedLog)
[2026-08-08 14:49:23,162] INFO Completed load of Log(dir=/home/deepone/kafka_2.13-4.0.0/logs/kafka-data-0/__consumer_offsets-36, topicId=yAKEixxUT1yJzTyrH9xg3A, topic=__consumer_offsets, partition=36, highWatermark=0, lastStableOffset=0, logStartOffset=0, logEndOffset=0) with 1 segments, local-log-start-offset 0 and log-end-offset 0 in 7ms (33/51 completed in /home/deepone/kafka_2.13-4.0.0/logs/kafka-data-0) (kafka.log.LogManager)
[2026-08-08 14:49:23,167] INFO [LogLoader partition=__consumer_offsets-10, dir=/home/deepone/kafka_2.13-4.0.0/logs/kafka-data-0] Loading producer state till offset 0 (org.apache.kafka.storage.internals.log.UnifiedLog)
[2026-08-08 14:49:23,170] INFO Completed load of Log(dir=/home/deepone/kafka_2.13-4.0.0/logs/kafka-data-0/__consumer_offsets-10, topicId=yAKEixxUT1yJzTyrH9xg3A, topic=__consumer_offsets, partition=10, highWatermark=0, lastStableOffset=0, logStartOffset=0, logEndOffset=0) with 1 segments, local-log-start-offset 0 and log-end-offset 0 in 8ms (34/51 completed in /home/deepone/kafka_2.13-4.0.0/logs/kafka-data-0) (kafka.log.LogManager)
[2026-08-08 14:49:23,177] INFO [LogLoader partition=__consumer_offsets-7, dir=/home/deepone/kafka_2.13-4.0.0/logs/kafka-data-0] Loading producer state till offset 0 (org.apache.kafka.storage.internals.log.UnifiedLog)
[2026-08-08 14:49:23,179] INFO Completed load of Log(dir=/home/deepone/kafka_2.13-4.0.0/logs/kafka-data-0/__consumer_offsets-7, topicId=yAKEixxUT1yJzTyrH9xg3A, topic=__consumer_offsets, partition=7, highWatermark=0, lastStableOffset=0, logStartOffset=0, logEndOffset=0) with 1 segments, local-log-start-offset 0 and log-end-offset 0 in 7ms (35/51 completed in /home/deepone/kafka_2.13-4.0.0/logs/kafka-data-0) (kafka.log.LogManager)
[2026-08-08 14:49:23,186] INFO [LogLoader partition=__consumer_offsets-5, dir=/home/deepone/kafka_2.13-4.0.0/logs/kafka-data-0] Loading producer state till offset 0 (org.apache.kafka.storage.internals.log.UnifiedLog)
[2026-08-08 14:49:23,192] INFO Completed load of Log(dir=/home/deepone/kafka_2.13-4.0.0/logs/kafka-data-0/__consumer_offsets-5, topicId=yAKEixxUT1yJzTyrH9xg3A, topic=__consumer_offsets, partition=5, highWatermark=0, lastStableOffset=0, logStartOffset=0, logEndOffset=0) with 1 segments, local-log-start-offset 0 and log-end-offset 0 in 12ms (36/51 completed in /home/deepone/kafka_2.13-4.0.0/logs/kafka-data-0) (kafka.log.LogManager)
[2026-08-08 14:49:23,197] INFO [LogLoader partition=__consumer_offsets-9, dir=/home/deepone/kafka_2.13-4.0.0/logs/kafka-data-0] Loading producer state till offset 0 (org.apache.kafka.storage.internals.log.UnifiedLog)
[2026-08-08 14:49:23,200] INFO Completed load of Log(dir=/home/deepone/kafka_2.13-4.0.0/logs/kafka-data-0/__consumer_offsets-9, topicId=yAKEixxUT1yJzTyrH9xg3A, topic=__consumer_offsets, partition=9, highWatermark=0, lastStableOffset=0, logStartOffset=0, logEndOffset=0) with 1 segments, local-log-start-offset 0 and log-end-offset 0 in 8ms (37/51 completed in /home/deepone/kafka_2.13-4.0.0/logs/kafka-data-0) (kafka.log.LogManager)
[2026-08-08 14:49:23,209] INFO [LogLoader partition=__consumer_offsets-40, dir=/home/deepone/kafka_2.13-4.0.0/logs/kafka-data-0] Loading producer state till offset 0 (org.apache.kafka.storage.internals.log.UnifiedLog)
[2026-08-08 14:49:23,211] INFO Completed load of Log(dir=/home/deepone/kafka_2.13-4.0.0/logs/kafka-data-0/__consumer_offsets-40, topicId=yAKEixxUT1yJzTyrH9xg3A, topic=__consumer_offsets, partition=40, highWatermark=0, lastStableOffset=0, logStartOffset=0, logEndOffset=0) with 1 segments, local-log-start-offset 0 and log-end-offset 0 in 11ms (38/51 completed in /home/deepone/kafka_2.13-4.0.0/logs/kafka-data-0) (kafka.log.LogManager)
[2026-08-08 14:49:23,216] INFO [LogLoader partition=__consumer_offsets-15, dir=/home/deepone/kafka_2.13-4.0.0/logs/kafka-data-0] Loading producer state till offset 4 (org.apache.kafka.storage.internals.log.UnifiedLog)
[2026-08-08 14:49:23,216] INFO [LogLoader partition=__consumer_offsets-15, dir=/home/deepone/kafka_2.13-4.0.0/logs/kafka-data-0] Reloading from producer snapshot and rebuilding producer state from offset 4 (org.apache.kafka.storage.internals.log.UnifiedLog)
[2026-08-08 14:49:23,217] INFO [ProducerStateManager partition=__consumer_offsets-15] Loading producer state from snapshot file 'SnapshotFile(offset=4, file=/home/deepone/kafka_2.13-4.0.0/logs/kafka-data-0/__consumer_offsets-15/00000000000000000004.snapshot)' (org.apache.kafka.storage.internals.log.ProducerStateManager)
[2026-08-08 14:49:23,218] INFO [LogLoader partition=__consumer_offsets-15, dir=/home/deepone/kafka_2.13-4.0.0/logs/kafka-data-0] Producer state recovery took 1ms for snapshot load and 1ms for segment recovery from offset 4 (org.apache.kafka.storage.internals.log.UnifiedLog)
[2026-08-08 14:49:23,219] INFO Completed load of Log(dir=/home/deepone/kafka_2.13-4.0.0/logs/kafka-data-0/__consumer_offsets-15, topicId=yAKEixxUT1yJzTyrH9xg3A, topic=__consumer_offsets, partition=15, highWatermark=0, lastStableOffset=0, logStartOffset=0, logEndOffset=4) with 1 segments, local-log-start-offset 0 and log-end-offset 4 in 8ms (39/51 completed in /home/deepone/kafka_2.13-4.0.0/logs/kafka-data-0) (kafka.log.LogManager)
[2026-08-08 14:49:23,224] INFO [LogLoader partition=__consumer_offsets-18, dir=/home/deepone/kafka_2.13-4.0.0/logs/kafka-data-0] Loading producer state till offset 0 (org.apache.kafka.storage.internals.log.UnifiedLog)
[2026-08-08 14:49:23,226] INFO Completed load of Log(dir=/home/deepone/kafka_2.13-4.0.0/logs/kafka-data-0/__consumer_offsets-18, topicId=yAKEixxUT1yJzTyrH9xg3A, topic=__consumer_offsets, partition=18, highWatermark=0, lastStableOffset=0, logStartOffset=0, logEndOffset=0) with 1 segments, local-log-start-offset 0 and log-end-offset 0 in 6ms (40/51 completed in /home/deepone/kafka_2.13-4.0.0/logs/kafka-data-0) (kafka.log.LogManager)
[2026-08-08 14:49:23,240] INFO [LogLoader partition=__consumer_offsets-24, dir=/home/deepone/kafka_2.13-4.0.0/logs/kafka-data-0] Loading producer state till offset 0 (org.apache.kafka.storage.internals.log.UnifiedLog)
[2026-08-08 14:49:23,244] INFO Completed load of Log(dir=/home/deepone/kafka_2.13-4.0.0/logs/kafka-data-0/__consumer_offsets-24, topicId=yAKEixxUT1yJzTyrH9xg3A, topic=__consumer_offsets, partition=24, highWatermark=0, lastStableOffset=0, logStartOffset=0, logEndOffset=0) with 1 segments, local-log-start-offset 0 and log-end-offset 0 in 17ms (41/51 completed in /home/deepone/kafka_2.13-4.0.0/logs/kafka-data-0) (kafka.log.LogManager)
[2026-08-08 14:49:23,249] INFO [LogLoader partition=__consumer_offsets-37, dir=/home/deepone/kafka_2.13-4.0.0/logs/kafka-data-0] Loading producer state till offset 0 (org.apache.kafka.storage.internals.log.UnifiedLog)
[2026-08-08 14:49:23,251] INFO Completed load of Log(dir=/home/deepone/kafka_2.13-4.0.0/logs/kafka-data-0/__consumer_offsets-37, topicId=yAKEixxUT1yJzTyrH9xg3A, topic=__consumer_offsets, partition=37, highWatermark=0, lastStableOffset=0, logStartOffset=0, logEndOffset=0) with 1 segments, local-log-start-offset 0 and log-end-offset 0 in 6ms (42/51 completed in /home/deepone/kafka_2.13-4.0.0/logs/kafka-data-0) (kafka.log.LogManager)
[2026-08-08 14:49:23,255] INFO [LogLoader partition=__consumer_offsets-2, dir=/home/deepone/kafka_2.13-4.0.0/logs/kafka-data-0] Loading producer state till offset 0 (org.apache.kafka.storage.internals.log.UnifiedLog)
[2026-08-08 14:49:23,259] INFO Completed load of Log(dir=/home/deepone/kafka_2.13-4.0.0/logs/kafka-data-0/__consumer_offsets-2, topicId=yAKEixxUT1yJzTyrH9xg3A, topic=__consumer_offsets, partition=2, highWatermark=0, lastStableOffset=0, logStartOffset=0, logEndOffset=0) with 1 segments, local-log-start-offset 0 and log-end-offset 0 in 7ms (43/51 completed in /home/deepone/kafka_2.13-4.0.0/logs/kafka-data-0) (kafka.log.LogManager)
[2026-08-08 14:49:23,267] INFO [LogLoader partition=test-auto-permissions-0, dir=/home/deepone/kafka_2.13-4.0.0/logs/kafka-data-0] Loading producer state till offset 3 (org.apache.kafka.storage.internals.log.UnifiedLog)
[2026-08-08 14:49:23,268] INFO [LogLoader partition=test-auto-permissions-0, dir=/home/deepone/kafka_2.13-4.0.0/logs/kafka-data-0] Reloading from producer snapshot and rebuilding producer state from offset 3 (org.apache.kafka.storage.internals.log.UnifiedLog)
[2026-08-08 14:49:23,274] INFO [ProducerStateManager partition=test-auto-permissions-0] Loading producer state from snapshot file 'SnapshotFile(offset=3, file=/home/deepone/kafka_2.13-4.0.0/logs/kafka-data-0/test-auto-permissions-0/00000000000000000003.snapshot)' (org.apache.kafka.storage.internals.log.ProducerStateManager)
[2026-08-08 14:49:23,281] INFO [LogLoader partition=test-auto-permissions-0, dir=/home/deepone/kafka_2.13-4.0.0/logs/kafka-data-0] Producer state recovery took 7ms for snapshot load and 0ms for segment recovery from offset 3 (org.apache.kafka.storage.internals.log.UnifiedLog)
[2026-08-08 14:49:23,283] INFO Completed load of Log(dir=/home/deepone/kafka_2.13-4.0.0/logs/kafka-data-0/test-auto-permissions-0, topicId=JXxB-AkIQ0ON1oFYdiYuZg, topic=test-auto-permissions, partition=0, highWatermark=0, lastStableOffset=0, logStartOffset=0, logEndOffset=3) with 1 segments, local-log-start-offset 0 and log-end-offset 3 in 23ms (44/51 completed in /home/deepone/kafka_2.13-4.0.0/logs/kafka-data-0) (kafka.log.LogManager)
[2026-08-08 14:49:23,287] INFO [LogLoader partition=__consumer_offsets-0, dir=/home/deepone/kafka_2.13-4.0.0/logs/kafka-data-0] Loading producer state till offset 0 (org.apache.kafka.storage.internals.log.UnifiedLog)
[2026-08-08 14:49:23,289] INFO Completed load of Log(dir=/home/deepone/kafka_2.13-4.0.0/logs/kafka-data-0/__consumer_offsets-0, topicId=yAKEixxUT1yJzTyrH9xg3A, topic=__consumer_offsets, partition=0, highWatermark=0, lastStableOffset=0, logStartOffset=0, logEndOffset=0) with 1 segments, local-log-start-offset 0 and log-end-offset 0 in 6ms (45/51 completed in /home/deepone/kafka_2.13-4.0.0/logs/kafka-data-0) (kafka.log.LogManager)
[2026-08-08 14:49:23,297] INFO [LogLoader partition=__consumer_offsets-30, dir=/home/deepone/kafka_2.13-4.0.0/logs/kafka-data-0] Loading producer state till offset 0 (org.apache.kafka.storage.internals.log.UnifiedLog)
[2026-08-08 14:49:23,300] INFO Completed load of Log(dir=/home/deepone/kafka_2.13-4.0.0/logs/kafka-data-0/__consumer_offsets-30, topicId=yAKEixxUT1yJzTyrH9xg3A, topic=__consumer_offsets, partition=30, highWatermark=0, lastStableOffset=0, logStartOffset=0, logEndOffset=0) with 1 segments, local-log-start-offset 0 and log-end-offset 0 in 9ms (46/51 completed in /home/deepone/kafka_2.13-4.0.0/logs/kafka-data-0) (kafka.log.LogManager)
[2026-08-08 14:49:23,312] INFO [LogLoader partition=__consumer_offsets-26, dir=/home/deepone/kafka_2.13-4.0.0/logs/kafka-data-0] Loading producer state till offset 4 (org.apache.kafka.storage.internals.log.UnifiedLog)
[2026-08-08 14:49:23,314] INFO [LogLoader partition=__consumer_offsets-26, dir=/home/deepone/kafka_2.13-4.0.0/logs/kafka-data-0] Reloading from producer snapshot and rebuilding producer state from offset 4 (org.apache.kafka.storage.internals.log.UnifiedLog)
[2026-08-08 14:49:23,315] INFO [ProducerStateManager partition=__consumer_offsets-26] Loading producer state from snapshot file 'SnapshotFile(offset=4, file=/home/deepone/kafka_2.13-4.0.0/logs/kafka-data-0/__consumer_offsets-26/00000000000000000004.snapshot)' (org.apache.kafka.storage.internals.log.ProducerStateManager)
[2026-08-08 14:49:23,316] INFO [LogLoader partition=__consumer_offsets-26, dir=/home/deepone/kafka_2.13-4.0.0/logs/kafka-data-0] Producer state recovery took 1ms for snapshot load and 0ms for segment recovery from offset 4 (org.apache.kafka.storage.internals.log.UnifiedLog)
[2026-08-08 14:49:23,320] INFO Completed load of Log(dir=/home/deepone/kafka_2.13-4.0.0/logs/kafka-data-0/__consumer_offsets-26, topicId=yAKEixxUT1yJzTyrH9xg3A, topic=__consumer_offsets, partition=26, highWatermark=0, lastStableOffset=0, logStartOffset=0, logEndOffset=4) with 1 segments, local-log-start-offset 0 and log-end-offset 4 in 19ms (47/51 completed in /home/deepone/kafka_2.13-4.0.0/logs/kafka-data-0) (kafka.log.LogManager)
[2026-08-08 14:49:23,326] INFO [LogLoader partition=__consumer_offsets-42, dir=/home/deepone/kafka_2.13-4.0.0/logs/kafka-data-0] Loading producer state till offset 0 (org.apache.kafka.storage.internals.log.UnifiedLog)
[2026-08-08 14:49:23,329] INFO Completed load of Log(dir=/home/deepone/kafka_2.13-4.0.0/logs/kafka-data-0/__consumer_offsets-42, topicId=yAKEixxUT1yJzTyrH9xg3A, topic=__consumer_offsets, partition=42, highWatermark=0, lastStableOffset=0, logStartOffset=0, logEndOffset=0) with 1 segments, local-log-start-offset 0 and log-end-offset 0 in 8ms (48/51 completed in /home/deepone/kafka_2.13-4.0.0/logs/kafka-data-0) (kafka.log.LogManager)
[2026-08-08 14:49:23,339] INFO [LogLoader partition=__consumer_offsets-29, dir=/home/deepone/kafka_2.13-4.0.0/logs/kafka-data-0] Loading producer state till offset 0 (org.apache.kafka.storage.internals.log.UnifiedLog)
[2026-08-08 14:49:23,342] INFO Completed load of Log(dir=/home/deepone/kafka_2.13-4.0.0/logs/kafka-data-0/__consumer_offsets-29, topicId=yAKEixxUT1yJzTyrH9xg3A, topic=__consumer_offsets, partition=29, highWatermark=0, lastStableOffset=0, logStartOffset=0, logEndOffset=0) with 1 segments, local-log-start-offset 0 and log-end-offset 0 in 12ms (49/51 completed in /home/deepone/kafka_2.13-4.0.0/logs/kafka-data-0) (kafka.log.LogManager)
[2026-08-08 14:49:23,347] INFO [LogLoader partition=__consumer_offsets-44, dir=/home/deepone/kafka_2.13-4.0.0/logs/kafka-data-0] Loading producer state till offset 0 (org.apache.kafka.storage.internals.log.UnifiedLog)
[2026-08-08 14:49:23,349] INFO Completed load of Log(dir=/home/deepone/kafka_2.13-4.0.0/logs/kafka-data-0/__consumer_offsets-44, topicId=yAKEixxUT1yJzTyrH9xg3A, topic=__consumer_offsets, partition=44, highWatermark=0, lastStableOffset=0, logStartOffset=0, logEndOffset=0) with 1 segments, local-log-start-offset 0 and log-end-offset 0 in 6ms (50/51 completed in /home/deepone/kafka_2.13-4.0.0/logs/kafka-data-0) (kafka.log.LogManager)
[2026-08-08 14:49:23,352] INFO [LogLoader partition=__consumer_offsets-32, dir=/home/deepone/kafka_2.13-4.0.0/logs/kafka-data-0] Loading producer state till offset 0 (org.apache.kafka.storage.internals.log.UnifiedLog)
[2026-08-08 14:49:23,355] INFO Completed load of Log(dir=/home/deepone/kafka_2.13-4.0.0/logs/kafka-data-0/__consumer_offsets-32, topicId=yAKEixxUT1yJzTyrH9xg3A, topic=__consumer_offsets, partition=32, highWatermark=0, lastStableOffset=0, logStartOffset=0, logEndOffset=0) with 1 segments, local-log-start-offset 0 and log-end-offset 0 in 5ms (51/51 completed in /home/deepone/kafka_2.13-4.0.0/logs/kafka-data-0) (kafka.log.LogManager)
[2026-08-08 14:49:23,372] INFO Loaded 51 logs in 553ms (kafka.log.LogManager)
[2026-08-08 14:49:23,373] INFO Starting log cleanup with a period of 300000 ms. (kafka.log.LogManager)
[2026-08-08 14:49:23,375] INFO Starting log flusher with a default period of 9223372036854775807 ms. (kafka.log.LogManager)
[2026-08-08 14:49:23,443] INFO [BrokerLifecycleManager id=0] Unable to register broker 0 because the controller returned error DUPLICATE_BROKER_REGISTRATION (kafka.server.BrokerLifecycleManager)
[2026-08-08 14:49:23,625] INFO [kafka-log-cleaner-thread-0]: Starting (kafka.log.LogCleaner$CleanerThread)
[2026-08-08 14:49:23,634] INFO [LogDirFailureHandler]: Starting (kafka.server.ReplicaManager$LogDirFailureHandler)
[2026-08-08 14:49:23,637] INFO [AddPartitionsToTxnSenderThread-0]: Starting (kafka.server.AddPartitionsToTxnManager)
[2026-08-08 14:49:23,639] INFO [GroupCoordinator id=0] Starting up. (org.apache.kafka.coordinator.group.GroupCoordinatorService)
[2026-08-08 14:49:23,640] INFO [GroupCoordinator id=0] Startup complete. (org.apache.kafka.coordinator.group.GroupCoordinatorService)
[2026-08-08 14:49:23,641] INFO [TransactionCoordinator id=0] Starting up. (kafka.coordinator.transaction.TransactionCoordinator)
[2026-08-08 14:49:23,646] INFO [TxnMarkerSenderThread-0]: Starting (kafka.coordinator.transaction.TransactionMarkerChannelManager)
[2026-08-08 14:49:23,646] INFO [TransactionCoordinator id=0] Startup complete. (kafka.coordinator.transaction.TransactionCoordinator)
[2026-08-08 14:49:23,704] INFO [Partition __consumer_offsets-13 broker=0] Log loaded for partition __consumer_offsets-13 with initial high watermark 0 (kafka.cluster.Partition)
[2026-08-08 14:49:23,723] INFO [Partition __consumer_offsets-46 broker=0] Log loaded for partition __consumer_offsets-46 with initial high watermark 0 (kafka.cluster.Partition)
[2026-08-08 14:49:23,725] INFO [Partition __consumer_offsets-9 broker=0] Log loaded for partition __consumer_offsets-9 with initial high watermark 0 (kafka.cluster.Partition)
[2026-08-08 14:49:23,726] INFO [Partition __consumer_offsets-42 broker=0] Log loaded for partition __consumer_offsets-42 with initial high watermark 0 (kafka.cluster.Partition)
[2026-08-08 14:49:23,728] INFO [Partition __consumer_offsets-21 broker=0] Log loaded for partition __consumer_offsets-21 with initial high watermark 0 (kafka.cluster.Partition)
[2026-08-08 14:49:23,729] INFO [Partition __consumer_offsets-17 broker=0] Log loaded for partition __consumer_offsets-17 with initial high watermark 0 (kafka.cluster.Partition)
[2026-08-08 14:49:23,731] INFO [Partition __consumer_offsets-30 broker=0] Log loaded for partition __consumer_offsets-30 with initial high watermark 0 (kafka.cluster.Partition)
[2026-08-08 14:49:23,733] INFO [Partition __consumer_offsets-26 broker=0] Log loaded for partition __consumer_offsets-26 with initial high watermark 4 (kafka.cluster.Partition)
[2026-08-08 14:49:23,734] INFO [Partition __consumer_offsets-5 broker=0] Log loaded for partition __consumer_offsets-5 with initial high watermark 0 (kafka.cluster.Partition)
[2026-08-08 14:49:23,738] INFO [Partition __consumer_offsets-38 broker=0] Log loaded for partition __consumer_offsets-38 with initial high watermark 0 (kafka.cluster.Partition)
[2026-08-08 14:49:23,740] INFO [Partition __consumer_offsets-1 broker=0] Log loaded for partition __consumer_offsets-1 with initial high watermark 3 (kafka.cluster.Partition)
[2026-08-08 14:49:23,741] INFO [Partition __consumer_offsets-34 broker=0] Log loaded for partition __consumer_offsets-34 with initial high watermark 0 (kafka.cluster.Partition)
[2026-08-08 14:49:23,743] INFO [Partition __consumer_offsets-16 broker=0] Log loaded for partition __consumer_offsets-16 with initial high watermark 0 (kafka.cluster.Partition)
[2026-08-08 14:49:23,745] INFO [Partition __consumer_offsets-45 broker=0] Log loaded for partition __consumer_offsets-45 with initial high watermark 0 (kafka.cluster.Partition)
[2026-08-08 14:49:23,746] INFO [Partition __consumer_offsets-12 broker=0] Log loaded for partition __consumer_offsets-12 with initial high watermark 0 (kafka.cluster.Partition)
[2026-08-08 14:49:23,747] INFO [Partition __consumer_offsets-41 broker=0] Log loaded for partition __consumer_offsets-41 with initial high watermark 0 (kafka.cluster.Partition)
[2026-08-08 14:49:23,748] INFO [Partition __consumer_offsets-24 broker=0] Log loaded for partition __consumer_offsets-24 with initial high watermark 0 (kafka.cluster.Partition)
[2026-08-08 14:49:23,749] INFO [Partition __consumer_offsets-20 broker=0] Log loaded for partition __consumer_offsets-20 with initial high watermark 0 (kafka.cluster.Partition)
[2026-08-08 14:49:23,750] INFO [Partition __consumer_offsets-49 broker=0] Log loaded for partition __consumer_offsets-49 with initial high watermark 0 (kafka.cluster.Partition)
[2026-08-08 14:49:23,754] INFO [Partition __consumer_offsets-0 broker=0] Log loaded for partition __consumer_offsets-0 with initial high watermark 0 (kafka.cluster.Partition)
[2026-08-08 14:49:23,756] INFO [Partition __consumer_offsets-29 broker=0] Log loaded for partition __consumer_offsets-29 with initial high watermark 0 (kafka.cluster.Partition)
[2026-08-08 14:49:23,757] INFO [Partition __consumer_offsets-25 broker=0] Log loaded for partition __consumer_offsets-25 with initial high watermark 0 (kafka.cluster.Partition)
[2026-08-08 14:49:23,763] INFO [Partition __consumer_offsets-8 broker=0] Log loaded for partition __consumer_offsets-8 with initial high watermark 0 (kafka.cluster.Partition)
[2026-08-08 14:49:23,765] INFO [Partition __consumer_offsets-37 broker=0] Log loaded for partition __consumer_offsets-37 with initial high watermark 0 (kafka.cluster.Partition)
[2026-08-08 14:49:23,767] INFO [Partition __consumer_offsets-4 broker=0] Log loaded for partition __consumer_offsets-4 with initial high watermark 0 (kafka.cluster.Partition)
[2026-08-08 14:49:23,769] INFO [Partition __consumer_offsets-33 broker=0] Log loaded for partition __consumer_offsets-33 with initial high watermark 0 (kafka.cluster.Partition)
[2026-08-08 14:49:23,770] INFO [Partition __consumer_offsets-15 broker=0] Log loaded for partition __consumer_offsets-15 with initial high watermark 4 (kafka.cluster.Partition)
[2026-08-08 14:49:23,773] INFO [Partition __consumer_offsets-48 broker=0] Log loaded for partition __consumer_offsets-48 with initial high watermark 0 (kafka.cluster.Partition)
[2026-08-08 14:49:23,774] INFO [Partition __consumer_offsets-11 broker=0] Log loaded for partition __consumer_offsets-11 with initial high watermark 0 (kafka.cluster.Partition)
[2026-08-08 14:49:23,775] INFO [Partition __consumer_offsets-44 broker=0] Log loaded for partition __consumer_offsets-44 with initial high watermark 0 (kafka.cluster.Partition)
[2026-08-08 14:49:23,776] INFO [Partition __consumer_offsets-23 broker=0] Log loaded for partition __consumer_offsets-23 with initial high watermark 0 (kafka.cluster.Partition)
[2026-08-08 14:49:23,777] INFO [Partition __consumer_offsets-19 broker=0] Log loaded for partition __consumer_offsets-19 with initial high watermark 0 (kafka.cluster.Partition)
[2026-08-08 14:49:23,778] INFO [Partition test-auto-permissions-0 broker=0] Log loaded for partition test-auto-permissions-0 with initial high watermark 3 (kafka.cluster.Partition)
[2026-08-08 14:49:23,779] INFO [Partition __consumer_offsets-32 broker=0] Log loaded for partition __consumer_offsets-32 with initial high watermark 0 (kafka.cluster.Partition)
[2026-08-08 14:49:23,779] INFO [Partition __consumer_offsets-28 broker=0] Log loaded for partition __consumer_offsets-28 with initial high watermark 0 (kafka.cluster.Partition)
[2026-08-08 14:49:23,780] INFO [Partition __consumer_offsets-7 broker=0] Log loaded for partition __consumer_offsets-7 with initial high watermark 0 (kafka.cluster.Partition)
[2026-08-08 14:49:23,781] INFO [Partition __consumer_offsets-40 broker=0] Log loaded for partition __consumer_offsets-40 with initial high watermark 0 (kafka.cluster.Partition)
[2026-08-08 14:49:23,781] INFO [Partition __consumer_offsets-3 broker=0] Log loaded for partition __consumer_offsets-3 with initial high watermark 0 (kafka.cluster.Partition)
[2026-08-08 14:49:23,783] INFO [Partition __consumer_offsets-36 broker=0] Log loaded for partition __consumer_offsets-36 with initial high watermark 0 (kafka.cluster.Partition)
[2026-08-08 14:49:23,785] INFO [Partition __consumer_offsets-47 broker=0] Log loaded for partition __consumer_offsets-47 with initial high watermark 0 (kafka.cluster.Partition)
[2026-08-08 14:49:23,786] INFO [Partition __consumer_offsets-14 broker=0] Log loaded for partition __consumer_offsets-14 with initial high watermark 0 (kafka.cluster.Partition)
[2026-08-08 14:49:23,786] INFO [Partition __consumer_offsets-43 broker=0] Log loaded for partition __consumer_offsets-43 with initial high watermark 0 (kafka.cluster.Partition)
[2026-08-08 14:49:23,791] INFO [Partition __consumer_offsets-10 broker=0] Log loaded for partition __consumer_offsets-10 with initial high watermark 0 (kafka.cluster.Partition)
[2026-08-08 14:49:23,792] INFO [Partition __consumer_offsets-22 broker=0] Log loaded for partition __consumer_offsets-22 with initial high watermark 0 (kafka.cluster.Partition)
[2026-08-08 14:49:23,793] INFO [Partition __consumer_offsets-18 broker=0] Log loaded for partition __consumer_offsets-18 with initial high watermark 0 (kafka.cluster.Partition)
[2026-08-08 14:49:23,795] INFO [Partition __consumer_offsets-31 broker=0] Log loaded for partition __consumer_offsets-31 with initial high watermark 0 (kafka.cluster.Partition)
[2026-08-08 14:49:23,796] INFO [Partition __consumer_offsets-27 broker=0] Log loaded for partition __consumer_offsets-27 with initial high watermark 0 (kafka.cluster.Partition)
[2026-08-08 14:49:23,797] INFO [Partition __consumer_offsets-39 broker=0] Log loaded for partition __consumer_offsets-39 with initial high watermark 0 (kafka.cluster.Partition)
[2026-08-08 14:49:23,798] INFO [Partition __consumer_offsets-6 broker=0] Log loaded for partition __consumer_offsets-6 with initial high watermark 0 (kafka.cluster.Partition)
[2026-08-08 14:49:23,799] INFO [Partition __consumer_offsets-35 broker=0] Log loaded for partition __consumer_offsets-35 with initial high watermark 0 (kafka.cluster.Partition)
[2026-08-08 14:49:23,800] INFO [Partition __consumer_offsets-2 broker=0] Log loaded for partition __consumer_offsets-2 with initial high watermark 0 (kafka.cluster.Partition)
[2026-08-08 14:49:23,803] INFO [ReplicaFetcherManager on broker 0] Removed fetcher for partitions Set(__consumer_offsets-13, __consumer_offsets-46, __consumer_offsets-9, __consumer_offsets-42, __consumer_offsets-21, __consumer_offsets-17, __consumer_offsets-30, __consumer_offsets-26, __consumer_offsets-5, __consumer_offsets-38, __consumer_offsets-1, __consumer_offsets-34, __consumer_offsets-16, __consumer_offsets-45, __consumer_offsets-12, __consumer_offsets-41, __consumer_offsets-24, __consumer_offsets-20, __consumer_offsets-49, __consumer_offsets-0, __consumer_offsets-29, __consumer_offsets-25, __consumer_offsets-8, __consumer_offsets-37, __consumer_offsets-4, __consumer_offsets-33, __consumer_offsets-15, __consumer_offsets-48, __consumer_offsets-11, __consumer_offsets-44, __consumer_offsets-23, __consumer_offsets-19, test-auto-permissions-0, __consumer_offsets-32, __consumer_offsets-28, __consumer_offsets-7, __consumer_offsets-40, __consumer_offsets-3, __consumer_offsets-36, __consumer_offsets-47, __consumer_offsets-14, __consumer_offsets-43, __consumer_offsets-10, __consumer_offsets-22, __consumer_offsets-18, __consumer_offsets-31, __consumer_offsets-27, __consumer_offsets-39, __consumer_offsets-6, __consumer_offsets-35, __consumer_offsets-2) (kafka.server.ReplicaFetcherManager)
[2026-08-08 14:49:23,856] INFO [GroupCoordinator id=0] Scheduling unloading of metadata for __consumer_offsets-13 with epoch OptionalInt[1] (org.apache.kafka.coordinator.common.runtime.CoordinatorRuntime)
[2026-08-08 14:49:23,863] INFO [GroupCoordinator id=0] Scheduling unloading of metadata for __consumer_offsets-46 with epoch OptionalInt[1] (org.apache.kafka.coordinator.common.runtime.CoordinatorRuntime)
[2026-08-08 14:49:23,863] INFO [GroupCoordinator id=0] Scheduling unloading of metadata for __consumer_offsets-9 with epoch OptionalInt[1] (org.apache.kafka.coordinator.common.runtime.CoordinatorRuntime)
[2026-08-08 14:49:23,863] INFO [GroupCoordinator id=0] Scheduling unloading of metadata for __consumer_offsets-42 with epoch OptionalInt[1] (org.apache.kafka.coordinator.common.runtime.CoordinatorRuntime)
[2026-08-08 14:49:23,863] INFO [GroupCoordinator id=0] Scheduling unloading of metadata for __consumer_offsets-21 with epoch OptionalInt[1] (org.apache.kafka.coordinator.common.runtime.CoordinatorRuntime)
[2026-08-08 14:49:23,863] INFO [GroupCoordinator id=0] Scheduling unloading of metadata for __consumer_offsets-17 with epoch OptionalInt[1] (org.apache.kafka.coordinator.common.runtime.CoordinatorRuntime)
[2026-08-08 14:49:23,863] INFO [GroupCoordinator id=0] Scheduling unloading of metadata for __consumer_offsets-30 with epoch OptionalInt[1] (org.apache.kafka.coordinator.common.runtime.CoordinatorRuntime)
[2026-08-08 14:49:23,863] INFO [GroupCoordinator id=0] Ignored unloading metadata for __consumer_offsets-46 in epoch OptionalInt[1] since metadata was never loaded. (org.apache.kafka.coordinator.common.runtime.CoordinatorRuntime)
[2026-08-08 14:49:23,863] INFO [GroupCoordinator id=0] Ignored unloading metadata for __consumer_offsets-9 in epoch OptionalInt[1] since metadata was never loaded. (org.apache.kafka.coordinator.common.runtime.CoordinatorRuntime)
[2026-08-08 14:49:23,863] INFO [GroupCoordinator id=0] Scheduling unloading of metadata for __consumer_offsets-26 with epoch OptionalInt[1] (org.apache.kafka.coordinator.common.runtime.CoordinatorRuntime)
[2026-08-08 14:49:23,863] INFO [GroupCoordinator id=0] Ignored unloading metadata for __consumer_offsets-42 in epoch OptionalInt[1] since metadata was never loaded. (org.apache.kafka.coordinator.common.runtime.CoordinatorRuntime)
[2026-08-08 14:49:23,863] INFO [GroupCoordinator id=0] Ignored unloading metadata for __consumer_offsets-21 in epoch OptionalInt[1] since metadata was never loaded. (org.apache.kafka.coordinator.common.runtime.CoordinatorRuntime)
[2026-08-08 14:49:23,863] INFO [GroupCoordinator id=0] Scheduling unloading of metadata for __consumer_offsets-5 with epoch OptionalInt[1] (org.apache.kafka.coordinator.common.runtime.CoordinatorRuntime)
[2026-08-08 14:49:23,863] INFO [GroupCoordinator id=0] Ignored unloading metadata for __consumer_offsets-17 in epoch OptionalInt[1] since metadata was never loaded. (org.apache.kafka.coordinator.common.runtime.CoordinatorRuntime)
[2026-08-08 14:49:23,863] INFO [GroupCoordinator id=0] Ignored unloading metadata for __consumer_offsets-30 in epoch OptionalInt[1] since metadata was never loaded. (org.apache.kafka.coordinator.common.runtime.CoordinatorRuntime)
[2026-08-08 14:49:23,863] INFO [GroupCoordinator id=0] Scheduling unloading of metadata for __consumer_offsets-38 with epoch OptionalInt[1] (org.apache.kafka.coordinator.common.runtime.CoordinatorRuntime)
[2026-08-08 14:49:23,863] INFO [GroupCoordinator id=0] Ignored unloading metadata for __consumer_offsets-5 in epoch OptionalInt[1] since metadata was never loaded. (org.apache.kafka.coordinator.common.runtime.CoordinatorRuntime)
[2026-08-08 14:49:23,863] INFO [GroupCoordinator id=0] Ignored unloading metadata for __consumer_offsets-26 in epoch OptionalInt[1] since metadata was never loaded. (org.apache.kafka.coordinator.common.runtime.CoordinatorRuntime)
[2026-08-08 14:49:23,863] INFO [GroupCoordinator id=0] Ignored unloading metadata for __consumer_offsets-13 in epoch OptionalInt[1] since metadata was never loaded. (org.apache.kafka.coordinator.common.runtime.CoordinatorRuntime)
[2026-08-08 14:49:23,863] INFO [GroupCoordinator id=0] Scheduling unloading of metadata for __consumer_offsets-1 with epoch OptionalInt[1] (org.apache.kafka.coordinator.common.runtime.CoordinatorRuntime)
[2026-08-08 14:49:23,863] INFO [GroupCoordinator id=0] Ignored unloading metadata for __consumer_offsets-38 in epoch OptionalInt[1] since metadata was never loaded. (org.apache.kafka.coordinator.common.runtime.CoordinatorRuntime)
[2026-08-08 14:49:23,864] INFO [GroupCoordinator id=0] Scheduling unloading of metadata for __consumer_offsets-34 with epoch OptionalInt[1] (org.apache.kafka.coordinator.common.runtime.CoordinatorRuntime)
[2026-08-08 14:49:23,864] INFO [GroupCoordinator id=0] Ignored unloading metadata for __consumer_offsets-1 in epoch OptionalInt[1] since metadata was never loaded. (org.apache.kafka.coordinator.common.runtime.CoordinatorRuntime)
[2026-08-08 14:49:23,864] INFO [GroupCoordinator id=0] Scheduling unloading of metadata for __consumer_offsets-16 with epoch OptionalInt[1] (org.apache.kafka.coordinator.common.runtime.CoordinatorRuntime)
[2026-08-08 14:49:23,864] INFO [GroupCoordinator id=0] Ignored unloading metadata for __consumer_offsets-34 in epoch OptionalInt[1] since metadata was never loaded. (org.apache.kafka.coordinator.common.runtime.CoordinatorRuntime)
[2026-08-08 14:49:23,864] INFO [GroupCoordinator id=0] Scheduling unloading of metadata for __consumer_offsets-45 with epoch OptionalInt[1] (org.apache.kafka.coordinator.common.runtime.CoordinatorRuntime)
[2026-08-08 14:49:23,864] INFO [GroupCoordinator id=0] Ignored unloading metadata for __consumer_offsets-16 in epoch OptionalInt[1] since metadata was never loaded. (org.apache.kafka.coordinator.common.runtime.CoordinatorRuntime)
[2026-08-08 14:49:23,864] INFO [GroupCoordinator id=0] Scheduling unloading of metadata for __consumer_offsets-12 with epoch OptionalInt[1] (org.apache.kafka.coordinator.common.runtime.CoordinatorRuntime)
[2026-08-08 14:49:23,864] INFO [GroupCoordinator id=0] Ignored unloading metadata for __consumer_offsets-45 in epoch OptionalInt[1] since metadata was never loaded. (org.apache.kafka.coordinator.common.runtime.CoordinatorRuntime)
[2026-08-08 14:49:23,864] INFO [GroupCoordinator id=0] Scheduling unloading of metadata for __consumer_offsets-41 with epoch OptionalInt[1] (org.apache.kafka.coordinator.common.runtime.CoordinatorRuntime)
[2026-08-08 14:49:23,864] INFO [GroupCoordinator id=0] Scheduling unloading of metadata for __consumer_offsets-24 with epoch OptionalInt[1] (org.apache.kafka.coordinator.common.runtime.CoordinatorRuntime)
[2026-08-08 14:49:23,864] INFO [GroupCoordinator id=0] Ignored unloading metadata for __consumer_offsets-12 in epoch OptionalInt[1] since metadata was never loaded. (org.apache.kafka.coordinator.common.runtime.CoordinatorRuntime)
[2026-08-08 14:49:23,864] INFO [GroupCoordinator id=0] Scheduling unloading of metadata for __consumer_offsets-20 with epoch OptionalInt[1] (org.apache.kafka.coordinator.common.runtime.CoordinatorRuntime)
[2026-08-08 14:49:23,864] INFO [GroupCoordinator id=0] Ignored unloading metadata for __consumer_offsets-41 in epoch OptionalInt[1] since metadata was never loaded. (org.apache.kafka.coordinator.common.runtime.CoordinatorRuntime)
[2026-08-08 14:49:23,864] INFO [GroupCoordinator id=0] Scheduling unloading of metadata for __consumer_offsets-49 with epoch OptionalInt[1] (org.apache.kafka.coordinator.common.runtime.CoordinatorRuntime)
[2026-08-08 14:49:23,864] INFO [GroupCoordinator id=0] Ignored unloading metadata for __consumer_offsets-20 in epoch OptionalInt[1] since metadata was never loaded. (org.apache.kafka.coordinator.common.runtime.CoordinatorRuntime)
[2026-08-08 14:49:23,864] INFO [GroupCoordinator id=0] Ignored unloading metadata for __consumer_offsets-49 in epoch OptionalInt[1] since metadata was never loaded. (org.apache.kafka.coordinator.common.runtime.CoordinatorRuntime)
[2026-08-08 14:49:23,864] INFO [GroupCoordinator id=0] Ignored unloading metadata for __consumer_offsets-24 in epoch OptionalInt[1] since metadata was never loaded. (org.apache.kafka.coordinator.common.runtime.CoordinatorRuntime)
[2026-08-08 14:49:23,864] INFO [GroupCoordinator id=0] Scheduling unloading of metadata for __consumer_offsets-0 with epoch OptionalInt[1] (org.apache.kafka.coordinator.common.runtime.CoordinatorRuntime)
[2026-08-08 14:49:23,864] INFO [GroupCoordinator id=0] Scheduling unloading of metadata for __consumer_offsets-29 with epoch OptionalInt[1] (org.apache.kafka.coordinator.common.runtime.CoordinatorRuntime)
[2026-08-08 14:49:23,864] INFO [GroupCoordinator id=0] Ignored unloading metadata for __consumer_offsets-0 in epoch OptionalInt[1] since metadata was never loaded. (org.apache.kafka.coordinator.common.runtime.CoordinatorRuntime)
[2026-08-08 14:49:23,864] INFO [GroupCoordinator id=0] Scheduling unloading of metadata for __consumer_offsets-25 with epoch OptionalInt[1] (org.apache.kafka.coordinator.common.runtime.CoordinatorRuntime)
[2026-08-08 14:49:23,864] INFO [GroupCoordinator id=0] Ignored unloading metadata for __consumer_offsets-25 in epoch OptionalInt[1] since metadata was never loaded. (org.apache.kafka.coordinator.common.runtime.CoordinatorRuntime)
[2026-08-08 14:49:23,864] INFO [GroupCoordinator id=0] Scheduling unloading of metadata for __consumer_offsets-8 with epoch OptionalInt[1] (org.apache.kafka.coordinator.common.runtime.CoordinatorRuntime)
[2026-08-08 14:49:23,864] INFO [GroupCoordinator id=0] Ignored unloading metadata for __consumer_offsets-29 in epoch OptionalInt[1] since metadata was never loaded. (org.apache.kafka.coordinator.common.runtime.CoordinatorRuntime)
[2026-08-08 14:49:23,865] INFO [GroupCoordinator id=0] Scheduling unloading of metadata for __consumer_offsets-37 with epoch OptionalInt[1] (org.apache.kafka.coordinator.common.runtime.CoordinatorRuntime)
[2026-08-08 14:49:23,865] INFO [GroupCoordinator id=0] Ignored unloading metadata for __consumer_offsets-8 in epoch OptionalInt[1] since metadata was never loaded. (org.apache.kafka.coordinator.common.runtime.CoordinatorRuntime)
[2026-08-08 14:49:23,865] INFO [GroupCoordinator id=0] Scheduling unloading of metadata for __consumer_offsets-4 with epoch OptionalInt[1] (org.apache.kafka.coordinator.common.runtime.CoordinatorRuntime)
[2026-08-08 14:49:23,865] INFO [GroupCoordinator id=0] Ignored unloading metadata for __consumer_offsets-37 in epoch OptionalInt[1] since metadata was never loaded. (org.apache.kafka.coordinator.common.runtime.CoordinatorRuntime)
[2026-08-08 14:49:23,865] INFO [GroupCoordinator id=0] Scheduling unloading of metadata for __consumer_offsets-33 with epoch OptionalInt[1] (org.apache.kafka.coordinator.common.runtime.CoordinatorRuntime)
[2026-08-08 14:49:23,865] INFO [GroupCoordinator id=0] Ignored unloading metadata for __consumer_offsets-4 in epoch OptionalInt[1] since metadata was never loaded. (org.apache.kafka.coordinator.common.runtime.CoordinatorRuntime)
[2026-08-08 14:49:23,865] INFO [GroupCoordinator id=0] Scheduling unloading of metadata for __consumer_offsets-15 with epoch OptionalInt[1] (org.apache.kafka.coordinator.common.runtime.CoordinatorRuntime)
[2026-08-08 14:49:23,865] INFO [GroupCoordinator id=0] Ignored unloading metadata for __consumer_offsets-33 in epoch OptionalInt[1] since metadata was never loaded. (org.apache.kafka.coordinator.common.runtime.CoordinatorRuntime)
[2026-08-08 14:49:23,865] INFO [GroupCoordinator id=0] Scheduling unloading of metadata for __consumer_offsets-48 with epoch OptionalInt[1] (org.apache.kafka.coordinator.common.runtime.CoordinatorRuntime)
[2026-08-08 14:49:23,865] INFO [GroupCoordinator id=0] Scheduling unloading of metadata for __consumer_offsets-11 with epoch OptionalInt[1] (org.apache.kafka.coordinator.common.runtime.CoordinatorRuntime)
[2026-08-08 14:49:23,865] INFO [GroupCoordinator id=0] Ignored unloading metadata for __consumer_offsets-48 in epoch OptionalInt[1] since metadata was never loaded. (org.apache.kafka.coordinator.common.runtime.CoordinatorRuntime)
[2026-08-08 14:49:23,865] INFO [GroupCoordinator id=0] Scheduling unloading of metadata for __consumer_offsets-44 with epoch OptionalInt[1] (org.apache.kafka.coordinator.common.runtime.CoordinatorRuntime)
[2026-08-08 14:49:23,865] INFO [GroupCoordinator id=0] Ignored unloading metadata for __consumer_offsets-15 in epoch OptionalInt[1] since metadata was never loaded. (org.apache.kafka.coordinator.common.runtime.CoordinatorRuntime)
[2026-08-08 14:49:23,865] INFO [GroupCoordinator id=0] Ignored unloading metadata for __consumer_offsets-11 in epoch OptionalInt[1] since metadata was never loaded. (org.apache.kafka.coordinator.common.runtime.CoordinatorRuntime)
[2026-08-08 14:49:23,865] INFO [GroupCoordinator id=0] Ignored unloading metadata for __consumer_offsets-44 in epoch OptionalInt[1] since metadata was never loaded. (org.apache.kafka.coordinator.common.runtime.CoordinatorRuntime)
[2026-08-08 14:49:23,865] INFO [GroupCoordinator id=0] Scheduling unloading of metadata for __consumer_offsets-23 with epoch OptionalInt[1] (org.apache.kafka.coordinator.common.runtime.CoordinatorRuntime)
[2026-08-08 14:49:23,866] INFO [GroupCoordinator id=0] Scheduling unloading of metadata for __consumer_offsets-19 with epoch OptionalInt[1] (org.apache.kafka.coordinator.common.runtime.CoordinatorRuntime)
[2026-08-08 14:49:23,866] INFO [GroupCoordinator id=0] Scheduling unloading of metadata for __consumer_offsets-32 with epoch OptionalInt[1] (org.apache.kafka.coordinator.common.runtime.CoordinatorRuntime)
[2026-08-08 14:49:23,866] INFO [GroupCoordinator id=0] Ignored unloading metadata for __consumer_offsets-19 in epoch OptionalInt[1] since metadata was never loaded. (org.apache.kafka.coordinator.common.runtime.CoordinatorRuntime)
[2026-08-08 14:49:23,866] INFO [GroupCoordinator id=0] Scheduling unloading of metadata for __consumer_offsets-28 with epoch OptionalInt[1] (org.apache.kafka.coordinator.common.runtime.CoordinatorRuntime)
[2026-08-08 14:49:23,866] INFO [GroupCoordinator id=0] Ignored unloading metadata for __consumer_offsets-23 in epoch OptionalInt[1] since metadata was never loaded. (org.apache.kafka.coordinator.common.runtime.CoordinatorRuntime)
[2026-08-08 14:49:23,866] INFO [GroupCoordinator id=0] Ignored unloading metadata for __consumer_offsets-28 in epoch OptionalInt[1] since metadata was never loaded. (org.apache.kafka.coordinator.common.runtime.CoordinatorRuntime)
[2026-08-08 14:49:23,866] INFO [GroupCoordinator id=0] Scheduling unloading of metadata for __consumer_offsets-7 with epoch OptionalInt[1] (org.apache.kafka.coordinator.common.runtime.CoordinatorRuntime)
[2026-08-08 14:49:23,866] INFO [GroupCoordinator id=0] Ignored unloading metadata for __consumer_offsets-32 in epoch OptionalInt[1] since metadata was never loaded. (org.apache.kafka.coordinator.common.runtime.CoordinatorRuntime)
[2026-08-08 14:49:23,866] INFO [GroupCoordinator id=0] Scheduling unloading of metadata for __consumer_offsets-40 with epoch OptionalInt[1] (org.apache.kafka.coordinator.common.runtime.CoordinatorRuntime)
[2026-08-08 14:49:23,866] INFO [GroupCoordinator id=0] Ignored unloading metadata for __consumer_offsets-7 in epoch OptionalInt[1] since metadata was never loaded. (org.apache.kafka.coordinator.common.runtime.CoordinatorRuntime)
[2026-08-08 14:49:23,866] INFO [GroupCoordinator id=0] Scheduling unloading of metadata for __consumer_offsets-3 with epoch OptionalInt[1] (org.apache.kafka.coordinator.common.runtime.CoordinatorRuntime)
[2026-08-08 14:49:23,866] INFO [GroupCoordinator id=0] Ignored unloading metadata for __consumer_offsets-40 in epoch OptionalInt[1] since metadata was never loaded. (org.apache.kafka.coordinator.common.runtime.CoordinatorRuntime)
[2026-08-08 14:49:23,866] INFO [GroupCoordinator id=0] Scheduling unloading of metadata for __consumer_offsets-36 with epoch OptionalInt[1] (org.apache.kafka.coordinator.common.runtime.CoordinatorRuntime)
[2026-08-08 14:49:23,867] INFO [GroupCoordinator id=0] Scheduling unloading of metadata for __consumer_offsets-47 with epoch OptionalInt[1] (org.apache.kafka.coordinator.common.runtime.CoordinatorRuntime)
[2026-08-08 14:49:23,867] INFO [GroupCoordinator id=0] Scheduling unloading of metadata for __consumer_offsets-14 with epoch OptionalInt[1] (org.apache.kafka.coordinator.common.runtime.CoordinatorRuntime)
[2026-08-08 14:49:23,867] INFO [GroupCoordinator id=0] Scheduling unloading of metadata for __consumer_offsets-43 with epoch OptionalInt[1] (org.apache.kafka.coordinator.common.runtime.CoordinatorRuntime)
[2026-08-08 14:49:23,867] INFO [GroupCoordinator id=0] Scheduling unloading of metadata for __consumer_offsets-10 with epoch OptionalInt[1] (org.apache.kafka.coordinator.common.runtime.CoordinatorRuntime)
[2026-08-08 14:49:23,867] INFO [GroupCoordinator id=0] Ignored unloading metadata for __consumer_offsets-3 in epoch OptionalInt[1] since metadata was never loaded. (org.apache.kafka.coordinator.common.runtime.CoordinatorRuntime)
[2026-08-08 14:49:23,867] INFO [GroupCoordinator id=0] Scheduling unloading of metadata for __consumer_offsets-22 with epoch OptionalInt[1] (org.apache.kafka.coordinator.common.runtime.CoordinatorRuntime)
[2026-08-08 14:49:23,867] INFO [GroupCoordinator id=0] Ignored unloading metadata for __consumer_offsets-36 in epoch OptionalInt[1] since metadata was never loaded. (org.apache.kafka.coordinator.common.runtime.CoordinatorRuntime)
[2026-08-08 14:49:23,867] INFO [GroupCoordinator id=0] Scheduling unloading of metadata for __consumer_offsets-18 with epoch OptionalInt[1] (org.apache.kafka.coordinator.common.runtime.CoordinatorRuntime)
[2026-08-08 14:49:23,867] INFO [GroupCoordinator id=0] Ignored unloading metadata for __consumer_offsets-14 in epoch OptionalInt[1] since metadata was never loaded. (org.apache.kafka.coordinator.common.runtime.CoordinatorRuntime)
[2026-08-08 14:49:23,869] INFO [GroupCoordinator id=0] Scheduling unloading of metadata for __consumer_offsets-31 with epoch OptionalInt[1] (org.apache.kafka.coordinator.common.runtime.CoordinatorRuntime)
[2026-08-08 14:49:23,869] INFO [GroupCoordinator id=0] Ignored unloading metadata for __consumer_offsets-22 in epoch OptionalInt[1] since metadata was never loaded. (org.apache.kafka.coordinator.common.runtime.CoordinatorRuntime)
[2026-08-08 14:49:23,869] INFO [GroupCoordinator id=0] Scheduling unloading of metadata for __consumer_offsets-27 with epoch OptionalInt[1] (org.apache.kafka.coordinator.common.runtime.CoordinatorRuntime)
[2026-08-08 14:49:23,869] INFO [GroupCoordinator id=0] Scheduling unloading of metadata for __consumer_offsets-39 with epoch OptionalInt[1] (org.apache.kafka.coordinator.common.runtime.CoordinatorRuntime)
[2026-08-08 14:49:23,869] INFO [GroupCoordinator id=0] Scheduling unloading of metadata for __consumer_offsets-6 with epoch OptionalInt[1] (org.apache.kafka.coordinator.common.runtime.CoordinatorRuntime)
[2026-08-08 14:49:23,869] INFO [GroupCoordinator id=0] Scheduling unloading of metadata for __consumer_offsets-35 with epoch OptionalInt[1] (org.apache.kafka.coordinator.common.runtime.CoordinatorRuntime)
[2026-08-08 14:49:23,869] INFO [GroupCoordinator id=0] Scheduling unloading of metadata for __consumer_offsets-2 with epoch OptionalInt[1] (org.apache.kafka.coordinator.common.runtime.CoordinatorRuntime)
[2026-08-08 14:49:23,870] INFO [GroupCoordinator id=0] Ignored unloading metadata for __consumer_offsets-10 in epoch OptionalInt[1] since metadata was never loaded. (org.apache.kafka.coordinator.common.runtime.CoordinatorRuntime)
[2026-08-08 14:49:23,870] INFO [GroupCoordinator id=0] Ignored unloading metadata for __consumer_offsets-18 in epoch OptionalInt[1] since metadata was never loaded. (org.apache.kafka.coordinator.common.runtime.CoordinatorRuntime)
[2026-08-08 14:49:23,871] INFO [GroupCoordinator id=0] Ignored unloading metadata for __consumer_offsets-43 in epoch OptionalInt[1] since metadata was never loaded. (org.apache.kafka.coordinator.common.runtime.CoordinatorRuntime)
[2026-08-08 14:49:23,871] INFO [GroupCoordinator id=0] Ignored unloading metadata for __consumer_offsets-27 in epoch OptionalInt[1] since metadata was never loaded. (org.apache.kafka.coordinator.common.runtime.CoordinatorRuntime)
[2026-08-08 14:49:23,871] INFO [GroupCoordinator id=0] Ignored unloading metadata for __consumer_offsets-35 in epoch OptionalInt[1] since metadata was never loaded. (org.apache.kafka.coordinator.common.runtime.CoordinatorRuntime)
[2026-08-08 14:49:23,871] INFO [GroupCoordinator id=0] Ignored unloading metadata for __consumer_offsets-47 in epoch OptionalInt[1] since metadata was never loaded. (org.apache.kafka.coordinator.common.runtime.CoordinatorRuntime)
[2026-08-08 14:49:23,871] INFO [GroupCoordinator id=0] Ignored unloading metadata for __consumer_offsets-31 in epoch OptionalInt[1] since metadata was never loaded. (org.apache.kafka.coordinator.common.runtime.CoordinatorRuntime)
[2026-08-08 14:49:23,871] INFO [GroupCoordinator id=0] Ignored unloading metadata for __consumer_offsets-39 in epoch OptionalInt[1] since metadata was never loaded. (org.apache.kafka.coordinator.common.runtime.CoordinatorRuntime)
[2026-08-08 14:49:23,871] INFO [GroupCoordinator id=0] Ignored unloading metadata for __consumer_offsets-2 in epoch OptionalInt[1] since metadata was never loaded. (org.apache.kafka.coordinator.common.runtime.CoordinatorRuntime)
[2026-08-08 14:49:23,871] INFO [GroupCoordinator id=0] Ignored unloading metadata for __consumer_offsets-6 in epoch OptionalInt[1] since metadata was never loaded. (org.apache.kafka.coordinator.common.runtime.CoordinatorRuntime)
[2026-08-08 14:49:23,882] INFO [DynamicConfigPublisher broker id=0] Updating topic __consumer_offsets with new configuration : compression.type -> producer,cleanup.policy -> compact,segment.bytes -> 104857600 (kafka.server.metadata.DynamicConfigPublisher)
[2026-08-08 14:49:23,900] INFO [AclPublisher broker id=0] Loading authorizer snapshot at offset 3889 (kafka.server.metadata.AclPublisher)
[2026-08-08 14:49:23,901] INFO [StandardAuthorizer 0] Initialized with 0 acl(s). (org.apache.kafka.metadata.authorizer.StandardAuthorizerData)
[2026-08-08 14:49:23,901] INFO [StandardAuthorizer 0] Completed initial ACL load process. (org.apache.kafka.metadata.authorizer.StandardAuthorizerData)
[2026-08-08 14:49:23,904] INFO [MetadataLoader id=0] InitializeNewPublishers: initializing BrokerRegistrationTracker(id=0) with a snapshot at offset 3889 (org.apache.kafka.image.loader.MetadataLoader)
[2026-08-08 14:49:24,265] INFO [BrokerLifecycleManager id=0] Unable to register broker 0 because the controller returned error DUPLICATE_BROKER_REGISTRATION (kafka.server.BrokerLifecycleManager)
[2026-08-08 14:49:25,896] INFO [BrokerLifecycleManager id=0] Unable to register broker 0 because the controller returned error DUPLICATE_BROKER_REGISTRATION (kafka.server.BrokerLifecycleManager)
[2026-08-08 14:49:29,146] INFO [BrokerLifecycleManager id=0] Unable to register broker 0 because the controller returned error DUPLICATE_BROKER_REGISTRATION (kafka.server.BrokerLifecycleManager)
[2026-08-08 14:52:42,968] INFO Registered kafka:type=kafka.Log4jController MBean (kafka.utils.Log4jControllerRegistration$)
[2026-08-08 14:52:44,036] INFO Registered signal handlers for TERM, INT, HUP (org.apache.kafka.common.utils.LoggingSignalHandler)
[2026-08-08 14:52:44,045] INFO [ControllerServer id=0] Starting controller (kafka.server.ControllerServer)
[2026-08-08 14:52:44,093] INFO [StandardAuthorizer 0] set super.users=User:ANONYMOUS,User:admin,User:controller, default result=ALLOWED (org.apache.kafka.metadata.authorizer.StandardAuthorizerData)
[2026-08-08 14:52:44,845] INFO Updated connection-accept-rate max connection creation rate to 2147483647 (kafka.network.ConnectionQuotas)
[2026-08-08 14:52:44,937] INFO [SocketServer listenerType=CONTROLLER, nodeId=0] Created data-plane acceptor and processors for endpoint : ListenerName(CONTROLLER) (kafka.network.SocketServer)
[2026-08-08 14:52:44,953] INFO authorizerStart completed for endpoint CONTROLLER. Endpoint is now READY. (org.apache.kafka.server.network.EndpointReadyFutures)
[2026-08-08 14:52:44,958] INFO [SharedServer id=0] Starting SharedServer (kafka.server.SharedServer)
[2026-08-08 14:52:45,101] INFO [LogLoader partition=__cluster_metadata-0, dir=/home/deepone/kafka_2.13-4.0.0/logs/kafka-data-0] Loading producer state till offset 0 (org.apache.kafka.storage.internals.log.UnifiedLog)
[2026-08-08 14:52:45,103] INFO [LogLoader partition=__cluster_metadata-0, dir=/home/deepone/kafka_2.13-4.0.0/logs/kafka-data-0] Reloading from producer snapshot and rebuilding producer state from offset 0 (org.apache.kafka.storage.internals.log.UnifiedLog)
[2026-08-08 14:52:45,108] INFO [LogLoader partition=__cluster_metadata-0, dir=/home/deepone/kafka_2.13-4.0.0/logs/kafka-data-0] Producer state recovery took 0ms for snapshot load and 0ms for segment recovery from offset 0 (org.apache.kafka.storage.internals.log.UnifiedLog)
[2026-08-08 14:52:45,168] INFO Initialized snapshots with IDs SortedSet() from /home/deepone/kafka_2.13-4.0.0/logs/kafka-data-0/__cluster_metadata-0 (kafka.raft.KafkaMetadataLog$)
[2026-08-08 14:52:45,205] INFO [raft-expiration-reaper]: Starting (kafka.raft.TimingWheelExpirationService$ExpiredOperationReaper)
[2026-08-08 14:52:45,227] INFO [RaftManager id=0] Reading KRaft snapshot and log as part of the initialization (org.apache.kafka.raft.KafkaRaftClient)
[2026-08-08 14:52:45,231] INFO [RaftManager id=0] Starting voters are VoterSet(voters={0=VoterNode(voterKey=ReplicaKey(id=0, directoryId=<undefined>), listeners=Endpoints(endpoints={ListenerName(CONTROLLER)=/127.0.0.1:9093}), supportedKRaftVersion=SupportedVersionRange[min_version:0, max_version:0])}) (org.apache.kafka.raft.KafkaRaftClient)
[2026-08-08 14:52:45,234] INFO [RaftManager id=0] Starting request manager with static voters: [127.0.0.1:9093 (id: 0 rack: null isFenced: false)] (org.apache.kafka.raft.KafkaRaftClient)
[2026-08-08 14:52:45,243] INFO [RaftManager id=0] Attempting durable transition to UnattachedState(epoch=0, leaderId=OptionalInt.empty, votedKey=Optional.empty, voters=[0], electionTimeoutMs=1807, highWatermark=Optional.empty) from null (org.apache.kafka.raft.QuorumState)
[2026-08-08 14:52:45,281] INFO [RaftManager id=0] Completed transition to UnattachedState(epoch=0, leaderId=OptionalInt.empty, votedKey=Optional.empty, voters=[0], electionTimeoutMs=1807, highWatermark=Optional.empty) from null (org.apache.kafka.raft.QuorumState)
[2026-08-08 14:52:45,289] INFO [RaftManager id=0] Completed transition to ProspectiveState(epoch=0, leaderId=OptionalInt.empty, retries=1, votedKey=Optional.empty, epochElection=EpochElection(voterStates={0=VoterState(replicaKey=ReplicaKey(id=0, directoryId=<undefined>), state=GRANTED)}), electionTimeoutMs=1159, highWatermark=Optional.empty) from UnattachedState(epoch=0, leaderId=OptionalInt.empty, votedKey=Optional.empty, voters=[0], electionTimeoutMs=1807, highWatermark=Optional.empty) (org.apache.kafka.raft.QuorumState)
[2026-08-08 14:52:45,293] INFO [RaftManager id=0] Attempting durable transition to CandidateState(localId=0, localDirectoryId=bh4sILOmZE9tK9UPxuVGvg, epoch=1, retries=1, epochElection=EpochElection(voterStates={0=VoterState(replicaKey=ReplicaKey(id=0, directoryId=<undefined>), state=GRANTED)}), highWatermark=Optional.empty, electionTimeoutMs=1858) from ProspectiveState(epoch=0, leaderId=OptionalInt.empty, retries=1, votedKey=Optional.empty, epochElection=EpochElection(voterStates={0=VoterState(replicaKey=ReplicaKey(id=0, directoryId=<undefined>), state=GRANTED)}), electionTimeoutMs=1159, highWatermark=Optional.empty) (org.apache.kafka.raft.QuorumState)
[2026-08-08 14:52:45,307] INFO [RaftManager id=0] Completed transition to CandidateState(localId=0, localDirectoryId=bh4sILOmZE9tK9UPxuVGvg, epoch=1, retries=1, epochElection=EpochElection(voterStates={0=VoterState(replicaKey=ReplicaKey(id=0, directoryId=<undefined>), state=GRANTED)}), highWatermark=Optional.empty, electionTimeoutMs=1858) from ProspectiveState(epoch=0, leaderId=OptionalInt.empty, retries=1, votedKey=Optional.empty, epochElection=EpochElection(voterStates={0=VoterState(replicaKey=ReplicaKey(id=0, directoryId=<undefined>), state=GRANTED)}), electionTimeoutMs=1159, highWatermark=Optional.empty) (org.apache.kafka.raft.QuorumState)
[2026-08-08 14:52:45,317] INFO [RaftManager id=0] Attempting durable transition to Leader(localReplicaKey=ReplicaKey(id=0, directoryId=bh4sILOmZE9tK9UPxuVGvg), epoch=1, epochStartOffset=0, highWatermark=Optional.empty, voterStates={0=ReplicaState(replicaKey=ReplicaKey(id=0, directoryId=<undefined>), endOffset=Optional.empty, lastFetchTimestamp=-1, lastCaughtUpTimestamp=-1, hasAcknowledgedLeader=true)}) from CandidateState(localId=0, localDirectoryId=bh4sILOmZE9tK9UPxuVGvg, epoch=1, retries=1, epochElection=EpochElection(voterStates={0=VoterState(replicaKey=ReplicaKey(id=0, directoryId=<undefined>), state=GRANTED)}), highWatermark=Optional.empty, electionTimeoutMs=1858) (org.apache.kafka.raft.QuorumState)
[2026-08-08 14:52:45,323] INFO [RaftManager id=0] Completed transition to Leader(localReplicaKey=ReplicaKey(id=0, directoryId=bh4sILOmZE9tK9UPxuVGvg), epoch=1, epochStartOffset=0, highWatermark=Optional.empty, voterStates={0=ReplicaState(replicaKey=ReplicaKey(id=0, directoryId=<undefined>), endOffset=Optional.empty, lastFetchTimestamp=-1, lastCaughtUpTimestamp=-1, hasAcknowledgedLeader=true)}) from CandidateState(localId=0, localDirectoryId=bh4sILOmZE9tK9UPxuVGvg, epoch=1, retries=1, epochElection=EpochElection(voterStates={0=VoterState(replicaKey=ReplicaKey(id=0, directoryId=<undefined>), state=GRANTED)}), highWatermark=Optional.empty, electionTimeoutMs=1858) (org.apache.kafka.raft.QuorumState)
[2026-08-08 14:52:45,379] INFO [kafka-0-raft-outbound-request-thread]: Starting (org.apache.kafka.raft.KafkaNetworkChannel$SendThread)
[2026-08-08 14:52:45,379] INFO [kafka-0-raft-io-thread]: Starting (org.apache.kafka.raft.KafkaRaftClientDriver)
[2026-08-08 14:52:45,409] INFO [MetadataLoader id=0] initializeNewPublishers: the loader is still catching up because we still don't know the high water mark yet. (org.apache.kafka.image.loader.MetadataLoader)
[2026-08-08 14:52:45,411] INFO [ControllerServer id=0] Waiting for controller quorum voters future (kafka.server.ControllerServer)
[2026-08-08 14:52:45,412] INFO [ControllerServer id=0] Finished waiting for controller quorum voters future (kafka.server.ControllerServer)
[2026-08-08 14:52:45,477] INFO [RaftManager id=0] High watermark set to LogOffsetMetadata(offset=1, metadata=Optional[(segmentBaseOffset=0,relativePositionInSegment=91)]) for the first time for epoch 1 based on indexOfHw 0 and voters [ReplicaState(replicaKey=ReplicaKey(id=0, directoryId=<undefined>), endOffset=Optional[LogOffsetMetadata(offset=1, metadata=Optional[(segmentBaseOffset=0,relativePositionInSegment=91)])], lastFetchTimestamp=-1, lastCaughtUpTimestamp=-1, hasAcknowledgedLeader=true)] (org.apache.kafka.raft.LeaderState)
[2026-08-08 14:52:45,499] INFO [RaftManager id=0] Registered the listener org.apache.kafka.image.loader.MetadataLoader@1613809031 (org.apache.kafka.raft.KafkaRaftClient)
[2026-08-08 14:52:45,502] INFO [RaftManager id=0] Setting the next offset of org.apache.kafka.image.loader.MetadataLoader@1613809031 to 0 since there are no snapshots (org.apache.kafka.raft.KafkaRaftClient)
[2026-08-08 14:52:45,507] INFO [MetadataLoader id=0] maybePublishMetadata(LOG_DELTA): The loader is still catching up because we have not loaded a controller record as of offset 0 and high water mark is 1 (org.apache.kafka.image.loader.MetadataLoader)
[2026-08-08 14:52:45,510] INFO [MetadataLoader id=0] initializeNewPublishers: The loader is still catching up because we have not loaded a controller record as of offset 0 and high water mark is 1 (org.apache.kafka.image.loader.MetadataLoader)
[2026-08-08 14:52:45,511] INFO [RaftManager id=0] Registered the listener org.apache.kafka.controller.QuorumController$QuorumMetaLogListener@1208505573 (org.apache.kafka.raft.KafkaRaftClient)
[2026-08-08 14:52:45,513] INFO [RaftManager id=0] Setting the next offset of org.apache.kafka.controller.QuorumController$QuorumMetaLogListener@1208505573 to 0 since there are no snapshots (org.apache.kafka.raft.KafkaRaftClient)
[2026-08-08 14:52:45,526] INFO [controller-0-ThrottledChannelReaper-Fetch]: Starting (kafka.server.ClientQuotaManager$ThrottledChannelReaper)
[2026-08-08 14:52:45,527] INFO [controller-0-ThrottledChannelReaper-Produce]: Starting (kafka.server.ClientQuotaManager$ThrottledChannelReaper)
[2026-08-08 14:52:45,531] INFO [controller-0-ThrottledChannelReaper-Request]: Starting (kafka.server.ClientQuotaManager$ThrottledChannelReaper)
[2026-08-08 14:52:45,533] INFO [controller-0-ThrottledChannelReaper-ControllerMutation]: Starting (kafka.server.ClientQuotaManager$ThrottledChannelReaper)
[2026-08-08 14:52:45,573] INFO [ExpirationReaper-0-null]: Starting (org.apache.kafka.server.purgatory.DelayedOperationPurgatory$ExpiredOperationReaper)
[2026-08-08 14:52:45,574] INFO [MetadataLoader id=0] maybePublishMetadata(LOG_DELTA): The loader finished catching up to the current high water mark of 7 (org.apache.kafka.image.loader.MetadataLoader)
[2026-08-08 14:52:45,580] INFO [MetadataLoader id=0] InitializeNewPublishers: initializing SnapshotGenerator with a snapshot at offset 6 (org.apache.kafka.image.loader.MetadataLoader)
[2026-08-08 14:52:45,624] INFO [ControllerServer id=0] Waiting for the controller metadata publishers to be installed (kafka.server.ControllerServer)
[2026-08-08 14:52:45,625] INFO [MetadataLoader id=0] InitializeNewPublishers: initializing KRaftMetadataCachePublisher with a snapshot at offset 6 (org.apache.kafka.image.loader.MetadataLoader)
[2026-08-08 14:52:45,625] INFO [MetadataLoader id=0] InitializeNewPublishers: initializing FeaturesPublisher with a snapshot at offset 6 (org.apache.kafka.image.loader.MetadataLoader)
[2026-08-08 14:52:45,624] INFO [ControllerServer id=0] Finished waiting for the controller metadata publishers to be installed (kafka.server.ControllerServer)
[2026-08-08 14:52:45,627] INFO [SocketServer listenerType=CONTROLLER, nodeId=0] Enabling request processing. (kafka.network.SocketServer)
[2026-08-08 14:52:45,633] INFO [ControllerServer id=0] Loaded new metadata Features(metadataVersion=4.0-IV3, finalizedFeatures={group.version=1, transaction.version=2, metadata.version=25}, finalizedFeaturesEpoch=6). (org.apache.kafka.metadata.publisher.FeaturesPublisher)
[2026-08-08 14:52:45,634] INFO [MetadataLoader id=0] InitializeNewPublishers: initializing ControllerRegistrationsPublisher with a snapshot at offset 6 (org.apache.kafka.image.loader.MetadataLoader)
[2026-08-08 14:52:45,649] INFO [MetadataLoader id=0] InitializeNewPublishers: initializing ControllerRegistrationManager with a snapshot at offset 6 (org.apache.kafka.image.loader.MetadataLoader)
[2026-08-08 14:52:45,652] INFO [MetadataLoader id=0] InitializeNewPublishers: initializing DynamicConfigPublisher controller id=0 with a snapshot at offset 6 (org.apache.kafka.image.loader.MetadataLoader)
[2026-08-08 14:52:45,655] INFO Awaiting socket connections on 127.0.0.1:9093. (kafka.network.DataPlaneAcceptor)
[2026-08-08 14:52:45,656] INFO [MetadataLoader id=0] InitializeNewPublishers: initializing DynamicClientQuotaPublisher controller id=0 with a snapshot at offset 6 (org.apache.kafka.image.loader.MetadataLoader)
[2026-08-08 14:52:45,679] INFO [MetadataLoader id=0] InitializeNewPublishers: initializing DynamicTopicClusterQuotaPublisher controller id=0 with a snapshot at offset 6 (org.apache.kafka.image.loader.MetadataLoader)
[2026-08-08 14:52:45,680] INFO [MetadataLoader id=0] InitializeNewPublishers: initializing ScramPublisher controller id=0 with a snapshot at offset 6 (org.apache.kafka.image.loader.MetadataLoader)
[2026-08-08 14:52:45,687] INFO [MetadataLoader id=0] InitializeNewPublishers: initializing DelegationTokenPublisher controller id=0 with a snapshot at offset 6 (org.apache.kafka.image.loader.MetadataLoader)
[2026-08-08 14:52:45,695] INFO [MetadataLoader id=0] InitializeNewPublishers: initializing ControllerMetadataMetricsPublisher with a snapshot at offset 6 (org.apache.kafka.image.loader.MetadataLoader)
[2026-08-08 14:52:45,696] INFO [MetadataLoader id=0] InitializeNewPublishers: initializing AclPublisher controller id=0 with a snapshot at offset 6 (org.apache.kafka.image.loader.MetadataLoader)
[2026-08-08 14:52:45,702] INFO [AclPublisher controller id=0] Loading authorizer snapshot at offset 6 (kafka.server.metadata.AclPublisher)
[2026-08-08 14:52:45,703] INFO [StandardAuthorizer 0] Initialized with 0 acl(s). (org.apache.kafka.metadata.authorizer.StandardAuthorizerData)
[2026-08-08 14:52:45,703] INFO [StandardAuthorizer 0] Completed initial ACL load process. (org.apache.kafka.metadata.authorizer.StandardAuthorizerData)
[2026-08-08 14:52:45,712] INFO [controller-0-to-controller-registration-channel-manager]: Starting (kafka.server.NodeToControllerRequestThread)
[2026-08-08 14:52:45,713] INFO [ControllerServer id=0] Waiting for all of the authorizer futures to be completed (kafka.server.ControllerServer)
[2026-08-08 14:52:45,714] INFO [ControllerServer id=0] Finished waiting for all of the authorizer futures to be completed (kafka.server.ControllerServer)
[2026-08-08 14:52:45,714] INFO [ControllerServer id=0] Waiting for all of the SocketServer Acceptors to be started (kafka.server.ControllerServer)
[2026-08-08 14:52:45,714] INFO [ControllerServer id=0] Finished waiting for all of the SocketServer Acceptors to be started (kafka.server.ControllerServer)
[2026-08-08 14:52:45,714] INFO [controller-0-to-controller-registration-channel-manager]: Recorded new KRaft controller, from now on will use node 127.0.0.1:9093 (id: 0 rack: null isFenced: false) (kafka.server.NodeToControllerRequestThread)
[2026-08-08 14:52:45,715] INFO [ControllerRegistrationManager id=0 incarnation=Jwuw8EYJTMORKO0Q0Ejk8g] initialized channel manager. (kafka.server.ControllerRegistrationManager)
[2026-08-08 14:52:45,715] INFO [BrokerServer id=0] Transition from SHUTDOWN to STARTING (kafka.server.BrokerServer)
[2026-08-08 14:52:45,717] INFO [BrokerServer id=0] Starting broker (kafka.server.BrokerServer)
[2026-08-08 14:52:45,742] INFO [broker-0-ThrottledChannelReaper-Fetch]: Starting (kafka.server.ClientQuotaManager$ThrottledChannelReaper)
[2026-08-08 14:52:45,743] INFO [ControllerRegistrationManager id=0 incarnation=Jwuw8EYJTMORKO0Q0Ejk8g] sendControllerRegistration: attempting to send ControllerRegistrationRequestData(controllerId=0, incarnationId=Jwuw8EYJTMORKO0Q0Ejk8g, zkMigrationReady=false, listeners=[Listener(name='CONTROLLER', host='127.0.0.1', port=9093, securityProtocol=0)], features=[Feature(name='group.version', minSupportedVersion=0, maxSupportedVersion=1), Feature(name='transaction.version', minSupportedVersion=0, maxSupportedVersion=2), Feature(name='eligible.leader.replicas.version', minSupportedVersion=0, maxSupportedVersion=1), Feature(name='kraft.version', minSupportedVersion=0, maxSupportedVersion=1), Feature(name='metadata.version', minSupportedVersion=7, maxSupportedVersion=25)]) (kafka.server.ControllerRegistrationManager)
[2026-08-08 14:52:45,746] INFO [broker-0-ThrottledChannelReaper-Produce]: Starting (kafka.server.ClientQuotaManager$ThrottledChannelReaper)
[2026-08-08 14:52:45,746] INFO [broker-0-ThrottledChannelReaper-ControllerMutation]: Starting (kafka.server.ClientQuotaManager$ThrottledChannelReaper)
[2026-08-08 14:52:45,747] INFO [broker-0-ThrottledChannelReaper-Request]: Starting (kafka.server.ClientQuotaManager$ThrottledChannelReaper)
[2026-08-08 14:52:45,800] INFO [BrokerServer id=0] Waiting for controller quorum voters future (kafka.server.BrokerServer)
[2026-08-08 14:52:45,801] INFO [BrokerServer id=0] Finished waiting for controller quorum voters future (kafka.server.BrokerServer)
[2026-08-08 14:52:45,807] INFO [broker-0-to-controller-forwarding-channel-manager]: Starting (kafka.server.NodeToControllerRequestThread)
[2026-08-08 14:52:45,808] INFO [broker-0-to-controller-forwarding-channel-manager]: Recorded new KRaft controller, from now on will use node 127.0.0.1:9093 (id: 0 rack: null isFenced: false) (kafka.server.NodeToControllerRequestThread)
[2026-08-08 14:52:45,829] INFO [client-metrics-reaper]: Starting (org.apache.kafka.server.util.timer.SystemTimerReaper$Reaper)
[2026-08-08 14:52:45,863] INFO Updated connection-accept-rate max connection creation rate to 2147483647 (kafka.network.ConnectionQuotas)
[2026-08-08 14:52:45,879] WARN Broker configuration 'ssl.client.auth' is applied only to SSL listeners. Listener-prefixed configuration can be used to enable SSL client authentication for SASL_SSL listeners. In future releases, broker-wide option without listener prefix may be applied to SASL_SSL listeners as well. All configuration options intended for specific listeners should be listener-prefixed. (org.apache.kafka.common.network.ChannelBuilders)
[2026-08-08 14:52:45,907] INFO [ControllerRegistrationManager id=0 incarnation=Jwuw8EYJTMORKO0Q0Ejk8g] Our registration has been persisted to the metadata log. (kafka.server.ControllerRegistrationManager)
[2026-08-08 14:52:45,910] INFO [ControllerRegistrationManager id=0 incarnation=Jwuw8EYJTMORKO0Q0Ejk8g] RegistrationResponseHandler: controller acknowledged ControllerRegistrationRequest. (kafka.server.ControllerRegistrationManager)
[2026-08-08 14:52:45,966] INFO Successfully logged in. (org.apache.kafka.common.security.authenticator.AbstractLogin)
[2026-08-08 14:52:46,780] WARN Broker configuration 'ssl.client.auth' is applied only to SSL listeners. Listener-prefixed configuration can be used to enable SSL client authentication for SASL_SSL listeners. In future releases, broker-wide option without listener prefix may be applied to SASL_SSL listeners as well. All configuration options intended for specific listeners should be listener-prefixed. (org.apache.kafka.common.network.ChannelBuilders)
[2026-08-08 14:52:46,907] WARN Broker configuration 'ssl.client.auth' is applied only to SSL listeners. Listener-prefixed configuration can be used to enable SSL client authentication for SASL_SSL listeners. In future releases, broker-wide option without listener prefix may be applied to SASL_SSL listeners as well. All configuration options intended for specific listeners should be listener-prefixed. (org.apache.kafka.common.network.ChannelBuilders)
[2026-08-08 14:52:47,008] INFO [SocketServer listenerType=BROKER, nodeId=0] Created data-plane acceptor and processors for endpoint : ListenerName(SASL_SSL) (kafka.network.SocketServer)
[2026-08-08 14:52:47,024] INFO [broker-0-to-controller-alter-partition-channel-manager]: Starting (kafka.server.NodeToControllerRequestThread)
[2026-08-08 14:52:47,025] INFO [broker-0-to-controller-alter-partition-channel-manager]: Recorded new KRaft controller, from now on will use node 127.0.0.1:9093 (id: 0 rack: null isFenced: false) (kafka.server.NodeToControllerRequestThread)
[2026-08-08 14:52:47,064] INFO [broker-0-to-controller-directory-assignments-channel-manager]: Starting (kafka.server.NodeToControllerRequestThread)
[2026-08-08 14:52:47,066] INFO [broker-0-to-controller-directory-assignments-channel-manager]: Recorded new KRaft controller, from now on will use node 127.0.0.1:9093 (id: 0 rack: null isFenced: false) (kafka.server.NodeToControllerRequestThread)
[2026-08-08 14:52:47,097] INFO [ExpirationReaper-0-null]: Starting (org.apache.kafka.server.purgatory.DelayedOperationPurgatory$ExpiredOperationReaper)
[2026-08-08 14:52:47,098] INFO [ExpirationReaper-0-null]: Starting (org.apache.kafka.server.purgatory.DelayedOperationPurgatory$ExpiredOperationReaper)
[2026-08-08 14:52:47,100] INFO [ExpirationReaper-0-null]: Starting (org.apache.kafka.server.purgatory.DelayedOperationPurgatory$ExpiredOperationReaper)
[2026-08-08 14:52:47,105] INFO [ExpirationReaper-0-null]: Starting (org.apache.kafka.server.purgatory.DelayedOperationPurgatory$ExpiredOperationReaper)
[2026-08-08 14:52:47,108] INFO [ExpirationReaper-0-null]: Starting (org.apache.kafka.server.purgatory.DelayedOperationPurgatory$ExpiredOperationReaper)
[2026-08-08 14:52:47,109] INFO [ExpirationReaper-0-null]: Starting (org.apache.kafka.server.purgatory.DelayedOperationPurgatory$ExpiredOperationReaper)
[2026-08-08 14:52:47,140] INFO [BrokerServer id=0] Using no op persister (kafka.server.BrokerServer)
[2026-08-08 14:52:47,149] INFO [group-coordinator-reaper]: Starting (org.apache.kafka.server.util.timer.SystemTimerReaper$Reaper)
[2026-08-08 14:52:47,206] INFO [group-coordinator-event-processor-0]: Starting (org.apache.kafka.coordinator.common.runtime.MultiThreadedEventProcessor$EventProcessorThread)
[2026-08-08 14:52:47,207] INFO [group-coordinator-event-processor-1]: Starting (org.apache.kafka.coordinator.common.runtime.MultiThreadedEventProcessor$EventProcessorThread)
[2026-08-08 14:52:47,208] INFO [group-coordinator-event-processor-2]: Starting (org.apache.kafka.coordinator.common.runtime.MultiThreadedEventProcessor$EventProcessorThread)
[2026-08-08 14:52:47,208] INFO [group-coordinator-event-processor-3]: Starting (org.apache.kafka.coordinator.common.runtime.MultiThreadedEventProcessor$EventProcessorThread)
[2026-08-08 14:52:47,272] INFO Unable to read the broker epoch in /home/deepone/kafka_2.13-4.0.0/logs/kafka-data-0. (kafka.log.LogManager)
[2026-08-08 14:52:47,274] INFO [StandardAuthorizer 0] set super.users=User:ANONYMOUS,User:admin,User:controller, default result=ALLOWED (org.apache.kafka.metadata.authorizer.StandardAuthorizerData)
[2026-08-08 14:52:47,278] INFO [broker-0-to-controller-heartbeat-channel-manager]: Starting (kafka.server.NodeToControllerRequestThread)
[2026-08-08 14:52:47,279] INFO [broker-0-to-controller-heartbeat-channel-manager]: Recorded new KRaft controller, from now on will use node 127.0.0.1:9093 (id: 0 rack: null isFenced: false) (kafka.server.NodeToControllerRequestThread)
[2026-08-08 14:52:47,291] INFO [BrokerLifecycleManager id=0] Incarnation XL2Hpda_SxqfMchicJDbtQ of broker 0 in cluster KeV_Kj-4QBmE7jRYmen2pg is now STARTING. (kafka.server.BrokerLifecycleManager)
[2026-08-08 14:52:47,317] INFO [share-group-lock-timeout-reaper]: Starting (org.apache.kafka.server.util.timer.SystemTimerReaper$Reaper)
[2026-08-08 14:52:47,342] INFO [ExpirationReaper-0-null]: Starting (org.apache.kafka.server.purgatory.DelayedOperationPurgatory$ExpiredOperationReaper)
[2026-08-08 14:52:47,360] INFO [BrokerLifecycleManager id=0] Successfully registered broker 0 with broker epoch 11 (kafka.server.BrokerLifecycleManager)
[2026-08-08 14:52:47,377] INFO [BrokerLifecycleManager id=0] The broker has caught up. Transitioning from STARTING to RECOVERY. (kafka.server.BrokerLifecycleManager)
[2026-08-08 14:52:47,393] INFO [BrokerLifecycleManager id=0] The broker is in RECOVERY. (kafka.server.BrokerLifecycleManager)
[2026-08-08 14:52:47,395] INFO [BrokerServer id=0] Waiting for the broker metadata publishers to be installed (kafka.server.BrokerServer)
[2026-08-08 14:52:47,395] INFO [BrokerServer id=0] Finished waiting for the broker metadata publishers to be installed (kafka.server.BrokerServer)
[2026-08-08 14:52:47,395] INFO [BrokerServer id=0] Waiting for the controller to acknowledge that we are caught up (kafka.server.BrokerServer)
[2026-08-08 14:52:47,395] INFO [BrokerServer id=0] Finished waiting for the controller to acknowledge that we are caught up (kafka.server.BrokerServer)
[2026-08-08 14:52:47,395] INFO [BrokerServer id=0] Waiting for the initial broker metadata update to be published (kafka.server.BrokerServer)
[2026-08-08 14:52:47,396] INFO [MetadataLoader id=0] InitializeNewPublishers: initializing MetadataVersionPublisher(id=0) with a snapshot at offset 11 (org.apache.kafka.image.loader.MetadataLoader)
[2026-08-08 14:52:47,397] INFO [MetadataLoader id=0] InitializeNewPublishers: initializing BrokerMetadataPublisher with a snapshot at offset 11 (org.apache.kafka.image.loader.MetadataLoader)
[2026-08-08 14:52:47,399] INFO [BrokerMetadataPublisher id=0] Publishing initial metadata at offset OffsetAndEpoch(offset=11, epoch=1) with metadata.version Optional[4.0-IV3]. (kafka.server.metadata.BrokerMetadataPublisher)
[2026-08-08 14:52:47,401] INFO Loading logs from log dirs ArrayBuffer(/home/deepone/kafka_2.13-4.0.0/logs/kafka-data-0) (kafka.log.LogManager)
[2026-08-08 14:52:47,410] INFO No logs found to be loaded in /home/deepone/kafka_2.13-4.0.0/logs/kafka-data-0 (kafka.log.LogManager)
[2026-08-08 14:52:47,428] INFO Loaded 0 logs in 22ms (kafka.log.LogManager)
[2026-08-08 14:52:47,429] INFO Starting log cleanup with a period of 300000 ms. (kafka.log.LogManager)
[2026-08-08 14:52:47,431] INFO Starting log flusher with a default period of 9223372036854775807 ms. (kafka.log.LogManager)
[2026-08-08 14:52:47,588] INFO [kafka-log-cleaner-thread-0]: Starting (kafka.log.LogCleaner$CleanerThread)
[2026-08-08 14:52:47,593] INFO [LogDirFailureHandler]: Starting (kafka.server.ReplicaManager$LogDirFailureHandler)
[2026-08-08 14:52:47,595] INFO [AddPartitionsToTxnSenderThread-0]: Starting (kafka.server.AddPartitionsToTxnManager)
[2026-08-08 14:52:47,596] INFO [GroupCoordinator id=0] Starting up. (org.apache.kafka.coordinator.group.GroupCoordinatorService)
[2026-08-08 14:52:47,599] INFO [GroupCoordinator id=0] Startup complete. (org.apache.kafka.coordinator.group.GroupCoordinatorService)
[2026-08-08 14:52:47,601] INFO [TransactionCoordinator id=0] Starting up. (kafka.coordinator.transaction.TransactionCoordinator)
[2026-08-08 14:52:47,606] INFO [TxnMarkerSenderThread-0]: Starting (kafka.coordinator.transaction.TransactionMarkerChannelManager)
[2026-08-08 14:52:47,608] INFO [TransactionCoordinator id=0] Startup complete. (kafka.coordinator.transaction.TransactionCoordinator)
[2026-08-08 14:52:47,622] INFO [AclPublisher broker id=0] Loading authorizer snapshot at offset 11 (kafka.server.metadata.AclPublisher)
[2026-08-08 14:52:47,622] INFO [StandardAuthorizer 0] Initialized with 0 acl(s). (org.apache.kafka.metadata.authorizer.StandardAuthorizerData)
[2026-08-08 14:52:47,623] INFO [StandardAuthorizer 0] Completed initial ACL load process. (org.apache.kafka.metadata.authorizer.StandardAuthorizerData)
[2026-08-08 14:52:47,630] INFO [MetadataLoader id=0] InitializeNewPublishers: initializing BrokerRegistrationTracker(id=0) with a snapshot at offset 11 (org.apache.kafka.image.loader.MetadataLoader)
[2026-08-08 14:52:47,631] INFO [BrokerServer id=0] Finished waiting for the initial broker metadata update to be published (kafka.server.BrokerServer)
[2026-08-08 14:52:47,633] INFO KafkaConfig values: 
	add.partitions.to.txn.retry.backoff.max.ms = 100
	add.partitions.to.txn.retry.backoff.ms = 20
	advertised.listeners = SASL_SSL://192.168.168.25:9094
	alter.config.policy.class.name = null
	alter.log.dirs.replication.quota.window.num = 11
	alter.log.dirs.replication.quota.window.size.seconds = 1
	authorizer.class.name = org.apache.kafka.metadata.authorizer.StandardAuthorizer
	auto.create.topics.enable = true
	auto.leader.rebalance.enable = true
	background.threads = 10
	broker.heartbeat.interval.ms = 2000
	broker.id = 0
	broker.rack = null
	broker.session.timeout.ms = 9000
	client.quota.callback.class = null
	compression.gzip.level = -1
	compression.lz4.level = 9
	compression.type = producer
	compression.zstd.level = 3
	connection.failed.authentication.delay.ms = 100
	connections.max.idle.ms = 600000
	connections.max.reauth.ms = 0
	controlled.shutdown.enable = true
	controller.listener.names = CONTROLLER
	controller.performance.always.log.threshold.ms = 2000
	controller.performance.sample.period.ms = 60000
	controller.quorum.append.linger.ms = 25
	controller.quorum.bootstrap.servers = []
	controller.quorum.election.backoff.max.ms = 1000
	controller.quorum.election.timeout.ms = 1000
	controller.quorum.fetch.timeout.ms = 2000
	controller.quorum.request.timeout.ms = 2000
	controller.quorum.retry.backoff.ms = 20
	controller.quorum.voters = [0@127.0.0.1:9093]
	controller.quota.window.num = 11
	controller.quota.window.size.seconds = 1
	controller.socket.timeout.ms = 30000
	create.topic.policy.class.name = null
	default.replication.factor = 1
	delegation.token.expiry.check.interval.ms = 3600000
	delegation.token.expiry.time.ms = 86400000
	delegation.token.max.lifetime.ms = 604800000
	delegation.token.secret.key = null
	delete.records.purgatory.purge.interval.requests = 1
	delete.topic.enable = true
	early.start.listeners = null
	fetch.max.bytes = 57671680
	fetch.purgatory.purge.interval.requests = 1000
	group.consumer.assignors = [uniform, range]
	group.consumer.heartbeat.interval.ms = 5000
	group.consumer.max.heartbeat.interval.ms = 15000
	group.consumer.max.session.timeout.ms = 60000
	group.consumer.max.size = 2147483647
	group.consumer.migration.policy = bidirectional
	group.consumer.min.heartbeat.interval.ms = 5000
	group.consumer.min.session.timeout.ms = 45000
	group.consumer.session.timeout.ms = 45000
	group.coordinator.append.linger.ms = 5
	group.coordinator.new.enable = true
	group.coordinator.rebalance.protocols = [classic, consumer]
	group.coordinator.threads = 4
	group.initial.rebalance.delay.ms = 3000
	group.max.session.timeout.ms = 1800000
	group.max.size = 2147483647
	group.min.session.timeout.ms = 6000
	group.share.delivery.count.limit = 5
	group.share.enable = false
	group.share.heartbeat.interval.ms = 5000
	group.share.max.groups = 10
	group.share.max.heartbeat.interval.ms = 15000
	group.share.max.record.lock.duration.ms = 60000
	group.share.max.session.timeout.ms = 60000
	group.share.max.size = 200
	group.share.min.heartbeat.interval.ms = 5000
	group.share.min.record.lock.duration.ms = 15000
	group.share.min.session.timeout.ms = 45000
	group.share.partition.max.record.locks = 200
	group.share.persister.class.name = org.apache.kafka.server.share.persister.DefaultStatePersister
	group.share.record.lock.duration.ms = 30000
	group.share.session.timeout.ms = 45000
	initial.broker.registration.timeout.ms = 60000
	inter.broker.listener.name = SASL_SSL
	kafka.metrics.polling.interval.secs = 10
	kafka.metrics.reporters = []
	leader.imbalance.check.interval.seconds = 300
	listener.security.protocol.map = CONTROLLER:PLAINTEXT,SASL_SSL:SASL_SSL
	listeners = SASL_SSL://0.0.0.0:9094,CONTROLLER://127.0.0.1:9093
	log.cleaner.backoff.ms = 15000
	log.cleaner.dedupe.buffer.size = 134217728
	log.cleaner.delete.retention.ms = 86400000
	log.cleaner.enable = true
	log.cleaner.io.buffer.load.factor = 0.9
	log.cleaner.io.buffer.size = 524288
	log.cleaner.io.max.bytes.per.second = 1.7976931348623157E308
	log.cleaner.max.compaction.lag.ms = 9223372036854775807
	log.cleaner.min.cleanable.ratio = 0.5
	log.cleaner.min.compaction.lag.ms = 0
	log.cleaner.threads = 1
	log.cleanup.policy = [delete]
	log.dir = /tmp/kafka-logs
	log.dir.failure.timeout.ms = 30000
	log.dirs = /home/deepone/kafka_2.13-4.0.0/logs/kafka-data-0
	log.flush.interval.messages = 9223372036854775807
	log.flush.interval.ms = null
	log.flush.offset.checkpoint.interval.ms = 60000
	log.flush.scheduler.interval.ms = 9223372036854775807
	log.flush.start.offset.checkpoint.interval.ms = 60000
	log.index.interval.bytes = 4096
	log.index.size.max.bytes = 10485760
	log.initial.task.delay.ms = 30000
	log.local.retention.bytes = -2
	log.local.retention.ms = -2
	log.message.timestamp.after.max.ms = 3600000
	log.message.timestamp.before.max.ms = 9223372036854775807
	log.message.timestamp.type = CreateTime
	log.preallocate = false
	log.retention.bytes = -1
	log.retention.check.interval.ms = 300000
	log.retention.hours = 168
	log.retention.minutes = null
	log.retention.ms = null
	log.roll.hours = 168
	log.roll.jitter.hours = 0
	log.roll.jitter.ms = null
	log.roll.ms = null
	log.segment.bytes = 1073741824
	log.segment.delete.delay.ms = 60000
	max.connection.creation.rate = 2147483647
	max.connections = 2147483647
	max.connections.per.ip = 2147483647
	max.connections.per.ip.overrides = 
	max.incremental.fetch.session.cache.slots = 1000
	max.request.partition.size.limit = 2000
	message.max.bytes = 1048588
	metadata.log.dir = null
	metadata.log.max.record.bytes.between.snapshots = 20971520
	metadata.log.max.snapshot.interval.ms = 3600000
	metadata.log.segment.bytes = 1073741824
	metadata.log.segment.min.bytes = 8388608
	metadata.log.segment.ms = 604800000
	metadata.max.idle.interval.ms = 500
	metadata.max.retention.bytes = 104857600
	metadata.max.retention.ms = 604800000
	metric.reporters = [org.apache.kafka.common.metrics.JmxReporter]
	metrics.num.samples = 2
	metrics.recording.level = INFO
	metrics.sample.window.ms = 30000
	min.insync.replicas = 1
	node.id = 0
	num.io.threads = 8
	num.network.threads = 3
	num.partitions = 1
	num.recovery.threads.per.data.dir = 1
	num.replica.alter.log.dirs.threads = null
	num.replica.fetchers = 1
	offset.metadata.max.bytes = 4096
	offsets.commit.timeout.ms = 5000
	offsets.load.buffer.size = 5242880
	offsets.retention.check.interval.ms = 600000
	offsets.retention.minutes = 10080
	offsets.topic.compression.codec = 0
	offsets.topic.num.partitions = 50
	offsets.topic.replication.factor = 1
	offsets.topic.segment.bytes = 104857600
	principal.builder.class = class org.apache.kafka.common.security.authenticator.DefaultKafkaPrincipalBuilder
	process.roles = [broker, controller]
	producer.id.expiration.check.interval.ms = 600000
	producer.id.expiration.ms = 86400000
	producer.purgatory.purge.interval.requests = 1000
	queued.max.request.bytes = -1
	queued.max.requests = 500
	quota.window.num = 11
	quota.window.size.seconds = 1
	remote.fetch.max.wait.ms = 500
	remote.list.offsets.request.timeout.ms = 30000
	remote.log.index.file.cache.total.size.bytes = 1073741824
	remote.log.manager.copier.thread.pool.size = 10
	remote.log.manager.copy.max.bytes.per.second = 9223372036854775807
	remote.log.manager.copy.quota.window.num = 11
	remote.log.manager.copy.quota.window.size.seconds = 1
	remote.log.manager.expiration.thread.pool.size = 10
	remote.log.manager.fetch.max.bytes.per.second = 9223372036854775807
	remote.log.manager.fetch.quota.window.num = 11
	remote.log.manager.fetch.quota.window.size.seconds = 1
	remote.log.manager.task.interval.ms = 30000
	remote.log.manager.task.retry.backoff.max.ms = 30000
	remote.log.manager.task.retry.backoff.ms = 500
	remote.log.manager.task.retry.jitter = 0.2
	remote.log.manager.thread.pool.size = 2
	remote.log.metadata.custom.metadata.max.bytes = 128
	remote.log.metadata.manager.class.name = org.apache.kafka.server.log.remote.metadata.storage.TopicBasedRemoteLogMetadataManager
	remote.log.metadata.manager.class.path = null
	remote.log.metadata.manager.impl.prefix = rlmm.config.
	remote.log.metadata.manager.listener.name = null
	remote.log.reader.max.pending.tasks = 100
	remote.log.reader.threads = 10
	remote.log.storage.manager.class.name = null
	remote.log.storage.manager.class.path = null
	remote.log.storage.manager.impl.prefix = rsm.config.
	remote.log.storage.system.enable = false
	replica.fetch.backoff.ms = 1000
	replica.fetch.max.bytes = 1048576
	replica.fetch.min.bytes = 1
	replica.fetch.response.max.bytes = 10485760
	replica.fetch.wait.max.ms = 500
	replica.high.watermark.checkpoint.interval.ms = 5000
	replica.lag.time.max.ms = 30000
	replica.selector.class = null
	replica.socket.receive.buffer.bytes = 65536
	replica.socket.timeout.ms = 30000
	replication.quota.window.num = 11
	replication.quota.window.size.seconds = 1
	request.timeout.ms = 30000
	sasl.client.callback.handler.class = null
	sasl.enabled.mechanisms = [SCRAM-SHA-512]
	sasl.jaas.config = null
	sasl.kerberos.kinit.cmd = /usr/bin/kinit
	sasl.kerberos.min.time.before.relogin = 60000
	sasl.kerberos.principal.to.local.rules = [DEFAULT]
	sasl.kerberos.service.name = null
	sasl.kerberos.ticket.renew.jitter = 0.05
	sasl.kerberos.ticket.renew.window.factor = 0.8
	sasl.login.callback.handler.class = null
	sasl.login.class = null
	sasl.login.connect.timeout.ms = null
	sasl.login.read.timeout.ms = null
	sasl.login.refresh.buffer.seconds = 300
	sasl.login.refresh.min.period.seconds = 60
	sasl.login.refresh.window.factor = 0.8
	sasl.login.refresh.window.jitter = 0.05
	sasl.login.retry.backoff.max.ms = 10000
	sasl.login.retry.backoff.ms = 100
	sasl.mechanism.controller.protocol = SCRAM-SHA-512
	sasl.mechanism.inter.broker.protocol = SCRAM-SHA-512
	sasl.oauthbearer.clock.skew.seconds = 30
	sasl.oauthbearer.expected.audience = null
	sasl.oauthbearer.expected.issuer = null
	sasl.oauthbearer.jwks.endpoint.refresh.ms = 3600000
	sasl.oauthbearer.jwks.endpoint.retry.backoff.max.ms = 10000
	sasl.oauthbearer.jwks.endpoint.retry.backoff.ms = 100
	sasl.oauthbearer.jwks.endpoint.url = null
	sasl.oauthbearer.scope.claim.name = scope
	sasl.oauthbearer.sub.claim.name = sub
	sasl.oauthbearer.token.endpoint.url = null
	sasl.server.callback.handler.class = null
	sasl.server.max.receive.size = 524288
	security.inter.broker.protocol = PLAINTEXT
	security.providers = null
	server.max.startup.time.ms = 9223372036854775807
	share.coordinator.append.linger.ms = 10
	share.coordinator.load.buffer.size = 5242880
	share.coordinator.snapshot.update.records.per.snapshot = 500
	share.coordinator.state.topic.compression.codec = 0
	share.coordinator.state.topic.min.isr = 2
	share.coordinator.state.topic.num.partitions = 50
	share.coordinator.state.topic.prune.interval.ms = 300000
	share.coordinator.state.topic.replication.factor = 3
	share.coordinator.state.topic.segment.bytes = 104857600
	share.coordinator.threads = 1
	share.coordinator.write.timeout.ms = 5000
	share.fetch.max.fetch.records = 2147483647
	share.fetch.purgatory.purge.interval.requests = 1000
	socket.connection.setup.timeout.max.ms = 30000
	socket.connection.setup.timeout.ms = 10000
	socket.listen.backlog.size = 50
	socket.receive.buffer.bytes = 102400
	socket.request.max.bytes = 104857600
	socket.send.buffer.bytes = 102400
	ssl.allow.dn.changes = false
	ssl.allow.san.changes = false
	ssl.cipher.suites = []
	ssl.client.auth = required
	ssl.enabled.protocols = [TLSv1.2, TLSv1.3]
	ssl.endpoint.identification.algorithm = https
	ssl.engine.factory.class = null
	ssl.key.password = [hidden]
	ssl.keymanager.algorithm = SunX509
	ssl.keystore.certificate.chain = null
	ssl.keystore.key = null
	ssl.keystore.location = /home/deepone/kafka_2.13-4.0.0/config/kraft/ssl/server/kafka.keystore.jks
	ssl.keystore.password = [hidden]
	ssl.keystore.type = JKS
	ssl.principal.mapping.rules = DEFAULT
	ssl.protocol = TLSv1.3
	ssl.provider = null
	ssl.secure.random.implementation = null
	ssl.trustmanager.algorithm = PKIX
	ssl.truststore.certificates = null
	ssl.truststore.location = /home/deepone/kafka_2.13-4.0.0/config/kraft/ssl/server/kafka.truststore.jks
	ssl.truststore.password = [hidden]
	ssl.truststore.type = JKS
	telemetry.max.bytes = 1048576
	transaction.abort.timed.out.transaction.cleanup.interval.ms = 10000
	transaction.max.timeout.ms = 900000
	transaction.partition.verification.enable = true
	transaction.remove.expired.transaction.cleanup.interval.ms = 3600000
	transaction.state.log.load.buffer.size = 5242880
	transaction.state.log.min.isr = 1
	transaction.state.log.num.partitions = 50
	transaction.state.log.replication.factor = 1
	transaction.state.log.segment.bytes = 104857600
	transactional.id.expiration.ms = 604800000
	unclean.leader.election.enable = false
	unclean.leader.election.interval.ms = 300000
	unstable.api.versions.enable = false
	unstable.feature.versions.enable = false
 (org.apache.kafka.common.config.AbstractConfig)
[2026-08-08 14:52:47,647] INFO [BrokerServer id=0] Waiting for the broker to be unfenced (kafka.server.BrokerServer)
[2026-08-08 14:52:47,700] INFO [BrokerLifecycleManager id=0] The broker has been unfenced. Transitioning from RECOVERY to RUNNING. (kafka.server.BrokerLifecycleManager)
[2026-08-08 14:52:47,700] INFO [BrokerServer id=0] Finished waiting for the broker to be unfenced (kafka.server.BrokerServer)
[2026-08-08 14:52:47,701] INFO authorizerStart completed for endpoint SASL_SSL. Endpoint is now READY. (org.apache.kafka.server.network.EndpointReadyFutures)
[2026-08-08 14:52:47,702] INFO [SocketServer listenerType=BROKER, nodeId=0] Enabling request processing. (kafka.network.SocketServer)
[2026-08-08 14:52:47,703] INFO Awaiting socket connections on 0.0.0.0:9094. (kafka.network.DataPlaneAcceptor)
[2026-08-08 14:52:47,715] INFO [BrokerServer id=0] Waiting for all of the authorizer futures to be completed (kafka.server.BrokerServer)
[2026-08-08 14:52:47,715] INFO [BrokerServer id=0] Finished waiting for all of the authorizer futures to be completed (kafka.server.BrokerServer)
[2026-08-08 14:52:47,715] INFO [BrokerServer id=0] Waiting for all of the SocketServer Acceptors to be started (kafka.server.BrokerServer)
[2026-08-08 14:52:47,715] INFO [BrokerServer id=0] Finished waiting for all of the SocketServer Acceptors to be started (kafka.server.BrokerServer)
[2026-08-08 14:52:47,715] INFO [BrokerServer id=0] Transition from STARTING to STARTED (kafka.server.BrokerServer)
[2026-08-08 14:52:47,718] INFO Kafka version: 4.0.0 (org.apache.kafka.common.utils.AppInfoParser)
[2026-08-08 14:52:47,718] INFO Kafka commitId: 985bc99521dd22bb (org.apache.kafka.common.utils.AppInfoParser)
[2026-08-08 14:52:47,718] INFO Kafka startTimeMs: 1786189967716 (org.apache.kafka.common.utils.AppInfoParser)
[2026-08-08 14:52:47,721] INFO [KafkaRaftServer nodeId=0] Kafka Server started (kafka.server.KafkaRaftServer)
[2026-08-08 14:55:03,395] INFO [ReplicaFetcherManager on broker 0] Removed fetcher for partitions Set(handover-test-topic-0) (kafka.server.ReplicaFetcherManager)
[2026-08-08 14:55:03,452] INFO [LogLoader partition=handover-test-topic-0, dir=/home/deepone/kafka_2.13-4.0.0/logs/kafka-data-0] Loading producer state till offset 0 (org.apache.kafka.storage.internals.log.UnifiedLog)
[2026-08-08 14:55:03,468] INFO Created log for partition handover-test-topic-0 in /home/deepone/kafka_2.13-4.0.0/logs/kafka-data-0/handover-test-topic-0 with properties {} (kafka.log.LogManager)
[2026-08-08 14:55:03,473] INFO [Partition handover-test-topic-0 broker=0] No checkpointed highwatermark is found for partition handover-test-topic-0 (kafka.cluster.Partition)
[2026-08-08 14:55:03,491] INFO [Partition handover-test-topic-0 broker=0] Log loaded for partition handover-test-topic-0 with initial high watermark 0 (kafka.cluster.Partition)
[2026-08-08 14:56:08,623] INFO Sent auto-creation request for Set(__consumer_offsets) to the active controller. (kafka.server.DefaultAutoTopicCreationManager)
[2026-08-08 14:56:08,668] INFO [ReplicaFetcherManager on broker 0] Removed fetcher for partitions Set(__consumer_offsets-13, __consumer_offsets-46, __consumer_offsets-9, __consumer_offsets-42, __consumer_offsets-21, __consumer_offsets-17, __consumer_offsets-30, __consumer_offsets-26, __consumer_offsets-5, __consumer_offsets-38, __consumer_offsets-1, __consumer_offsets-34, __consumer_offsets-16, __consumer_offsets-45, __consumer_offsets-12, __consumer_offsets-41, __consumer_offsets-24, __consumer_offsets-20, __consumer_offsets-49, __consumer_offsets-0, __consumer_offsets-29, __consumer_offsets-25, __consumer_offsets-8, __consumer_offsets-37, __consumer_offsets-4, __consumer_offsets-33, __consumer_offsets-15, __consumer_offsets-48, __consumer_offsets-11, __consumer_offsets-44, __consumer_offsets-23, __consumer_offsets-19, __consumer_offsets-32, __consumer_offsets-28, __consumer_offsets-7, __consumer_offsets-40, __consumer_offsets-3, __consumer_offsets-36, __consumer_offsets-47, __consumer_offsets-14, __consumer_offsets-43, __consumer_offsets-10, __consumer_offsets-22, __consumer_offsets-18, __consumer_offsets-31, __consumer_offsets-27, __consumer_offsets-39, __consumer_offsets-6, __consumer_offsets-35, __consumer_offsets-2) (kafka.server.ReplicaFetcherManager)
[2026-08-08 14:56:08,677] INFO [LogLoader partition=__consumer_offsets-13, dir=/home/deepone/kafka_2.13-4.0.0/logs/kafka-data-0] Loading producer state till offset 0 (org.apache.kafka.storage.internals.log.UnifiedLog)
[2026-08-08 14:56:08,681] INFO Created log for partition __consumer_offsets-13 in /home/deepone/kafka_2.13-4.0.0/logs/kafka-data-0/__consumer_offsets-13 with properties {cleanup.policy=compact, compression.type="producer", segment.bytes=104857600} (kafka.log.LogManager)
[2026-08-08 14:56:08,682] INFO [Partition __consumer_offsets-13 broker=0] No checkpointed highwatermark is found for partition __consumer_offsets-13 (kafka.cluster.Partition)
[2026-08-08 14:56:08,683] INFO [Partition __consumer_offsets-13 broker=0] Log loaded for partition __consumer_offsets-13 with initial high watermark 0 (kafka.cluster.Partition)
[2026-08-08 14:56:08,689] INFO [LogLoader partition=__consumer_offsets-46, dir=/home/deepone/kafka_2.13-4.0.0/logs/kafka-data-0] Loading producer state till offset 0 (org.apache.kafka.storage.internals.log.UnifiedLog)
[2026-08-08 14:56:08,691] INFO Created log for partition __consumer_offsets-46 in /home/deepone/kafka_2.13-4.0.0/logs/kafka-data-0/__consumer_offsets-46 with properties {cleanup.policy=compact, compression.type="producer", segment.bytes=104857600} (kafka.log.LogManager)
[2026-08-08 14:56:08,691] INFO [Partition __consumer_offsets-46 broker=0] No checkpointed highwatermark is found for partition __consumer_offsets-46 (kafka.cluster.Partition)
[2026-08-08 14:56:08,692] INFO [Partition __consumer_offsets-46 broker=0] Log loaded for partition __consumer_offsets-46 with initial high watermark 0 (kafka.cluster.Partition)
[2026-08-08 14:56:08,704] INFO [LogLoader partition=__consumer_offsets-9, dir=/home/deepone/kafka_2.13-4.0.0/logs/kafka-data-0] Loading producer state till offset 0 (org.apache.kafka.storage.internals.log.UnifiedLog)
[2026-08-08 14:56:08,709] INFO Created log for partition __consumer_offsets-9 in /home/deepone/kafka_2.13-4.0.0/logs/kafka-data-0/__consumer_offsets-9 with properties {cleanup.policy=compact, compression.type="producer", segment.bytes=104857600} (kafka.log.LogManager)
[2026-08-08 14:56:08,709] INFO [Partition __consumer_offsets-9 broker=0] No checkpointed highwatermark is found for partition __consumer_offsets-9 (kafka.cluster.Partition)
[2026-08-08 14:56:08,710] INFO [Partition __consumer_offsets-9 broker=0] Log loaded for partition __consumer_offsets-9 with initial high watermark 0 (kafka.cluster.Partition)
[2026-08-08 14:56:08,717] INFO [LogLoader partition=__consumer_offsets-42, dir=/home/deepone/kafka_2.13-4.0.0/logs/kafka-data-0] Loading producer state till offset 0 (org.apache.kafka.storage.internals.log.UnifiedLog)
[2026-08-08 14:56:08,719] INFO Created log for partition __consumer_offsets-42 in /home/deepone/kafka_2.13-4.0.0/logs/kafka-data-0/__consumer_offsets-42 with properties {cleanup.policy=compact, compression.type="producer", segment.bytes=104857600} (kafka.log.LogManager)
[2026-08-08 14:56:08,719] INFO [Partition __consumer_offsets-42 broker=0] No checkpointed highwatermark is found for partition __consumer_offsets-42 (kafka.cluster.Partition)
[2026-08-08 14:56:08,720] INFO [Partition __consumer_offsets-42 broker=0] Log loaded for partition __consumer_offsets-42 with initial high watermark 0 (kafka.cluster.Partition)
[2026-08-08 14:56:08,725] INFO [LogLoader partition=__consumer_offsets-21, dir=/home/deepone/kafka_2.13-4.0.0/logs/kafka-data-0] Loading producer state till offset 0 (org.apache.kafka.storage.internals.log.UnifiedLog)
[2026-08-08 14:56:08,727] INFO Created log for partition __consumer_offsets-21 in /home/deepone/kafka_2.13-4.0.0/logs/kafka-data-0/__consumer_offsets-21 with properties {cleanup.policy=compact, compression.type="producer", segment.bytes=104857600} (kafka.log.LogManager)
[2026-08-08 14:56:08,727] INFO [Partition __consumer_offsets-21 broker=0] No checkpointed highwatermark is found for partition __consumer_offsets-21 (kafka.cluster.Partition)
[2026-08-08 14:56:08,727] INFO [Partition __consumer_offsets-21 broker=0] Log loaded for partition __consumer_offsets-21 with initial high watermark 0 (kafka.cluster.Partition)
[2026-08-08 14:56:08,742] INFO [LogLoader partition=__consumer_offsets-17, dir=/home/deepone/kafka_2.13-4.0.0/logs/kafka-data-0] Loading producer state till offset 0 (org.apache.kafka.storage.internals.log.UnifiedLog)
[2026-08-08 14:56:08,744] INFO Created log for partition __consumer_offsets-17 in /home/deepone/kafka_2.13-4.0.0/logs/kafka-data-0/__consumer_offsets-17 with properties {cleanup.policy=compact, compression.type="producer", segment.bytes=104857600} (kafka.log.LogManager)
[2026-08-08 14:56:08,745] INFO [Partition __consumer_offsets-17 broker=0] No checkpointed highwatermark is found for partition __consumer_offsets-17 (kafka.cluster.Partition)
[2026-08-08 14:56:08,745] INFO [Partition __consumer_offsets-17 broker=0] Log loaded for partition __consumer_offsets-17 with initial high watermark 0 (kafka.cluster.Partition)
[2026-08-08 14:56:08,751] INFO [LogLoader partition=__consumer_offsets-30, dir=/home/deepone/kafka_2.13-4.0.0/logs/kafka-data-0] Loading producer state till offset 0 (org.apache.kafka.storage.internals.log.UnifiedLog)
[2026-08-08 14:56:08,752] INFO Created log for partition __consumer_offsets-30 in /home/deepone/kafka_2.13-4.0.0/logs/kafka-data-0/__consumer_offsets-30 with properties {cleanup.policy=compact, compression.type="producer", segment.bytes=104857600} (kafka.log.LogManager)
[2026-08-08 14:56:08,754] INFO [Partition __consumer_offsets-30 broker=0] No checkpointed highwatermark is found for partition __consumer_offsets-30 (kafka.cluster.Partition)
[2026-08-08 14:56:08,754] INFO [Partition __consumer_offsets-30 broker=0] Log loaded for partition __consumer_offsets-30 with initial high watermark 0 (kafka.cluster.Partition)
[2026-08-08 14:56:08,762] INFO [LogLoader partition=__consumer_offsets-26, dir=/home/deepone/kafka_2.13-4.0.0/logs/kafka-data-0] Loading producer state till offset 0 (org.apache.kafka.storage.internals.log.UnifiedLog)
[2026-08-08 14:56:08,764] INFO Created log for partition __consumer_offsets-26 in /home/deepone/kafka_2.13-4.0.0/logs/kafka-data-0/__consumer_offsets-26 with properties {cleanup.policy=compact, compression.type="producer", segment.bytes=104857600} (kafka.log.LogManager)
[2026-08-08 14:56:08,765] INFO [Partition __consumer_offsets-26 broker=0] No checkpointed highwatermark is found for partition __consumer_offsets-26 (kafka.cluster.Partition)
[2026-08-08 14:56:08,765] INFO [Partition __consumer_offsets-26 broker=0] Log loaded for partition __consumer_offsets-26 with initial high watermark 0 (kafka.cluster.Partition)
[2026-08-08 14:56:08,776] INFO [LogLoader partition=__consumer_offsets-5, dir=/home/deepone/kafka_2.13-4.0.0/logs/kafka-data-0] Loading producer state till offset 0 (org.apache.kafka.storage.internals.log.UnifiedLog)
[2026-08-08 14:56:08,777] INFO Created log for partition __consumer_offsets-5 in /home/deepone/kafka_2.13-4.0.0/logs/kafka-data-0/__consumer_offsets-5 with properties {cleanup.policy=compact, compression.type="producer", segment.bytes=104857600} (kafka.log.LogManager)
[2026-08-08 14:56:08,778] INFO [Partition __consumer_offsets-5 broker=0] No checkpointed highwatermark is found for partition __consumer_offsets-5 (kafka.cluster.Partition)
[2026-08-08 14:56:08,778] INFO [Partition __consumer_offsets-5 broker=0] Log loaded for partition __consumer_offsets-5 with initial high watermark 0 (kafka.cluster.Partition)
[2026-08-08 14:56:08,788] INFO [LogLoader partition=__consumer_offsets-38, dir=/home/deepone/kafka_2.13-4.0.0/logs/kafka-data-0] Loading producer state till offset 0 (org.apache.kafka.storage.internals.log.UnifiedLog)
[2026-08-08 14:56:08,790] INFO Created log for partition __consumer_offsets-38 in /home/deepone/kafka_2.13-4.0.0/logs/kafka-data-0/__consumer_offsets-38 with properties {cleanup.policy=compact, compression.type="producer", segment.bytes=104857600} (kafka.log.LogManager)
[2026-08-08 14:56:08,790] INFO [Partition __consumer_offsets-38 broker=0] No checkpointed highwatermark is found for partition __consumer_offsets-38 (kafka.cluster.Partition)
[2026-08-08 14:56:08,791] INFO [Partition __consumer_offsets-38 broker=0] Log loaded for partition __consumer_offsets-38 with initial high watermark 0 (kafka.cluster.Partition)
[2026-08-08 14:56:08,799] INFO [LogLoader partition=__consumer_offsets-1, dir=/home/deepone/kafka_2.13-4.0.0/logs/kafka-data-0] Loading producer state till offset 0 (org.apache.kafka.storage.internals.log.UnifiedLog)
[2026-08-08 14:56:08,804] INFO Created log for partition __consumer_offsets-1 in /home/deepone/kafka_2.13-4.0.0/logs/kafka-data-0/__consumer_offsets-1 with properties {cleanup.policy=compact, compression.type="producer", segment.bytes=104857600} (kafka.log.LogManager)
[2026-08-08 14:56:08,805] INFO [Partition __consumer_offsets-1 broker=0] No checkpointed highwatermark is found for partition __consumer_offsets-1 (kafka.cluster.Partition)
[2026-08-08 14:56:08,805] INFO [Partition __consumer_offsets-1 broker=0] Log loaded for partition __consumer_offsets-1 with initial high watermark 0 (kafka.cluster.Partition)
[2026-08-08 14:56:08,825] INFO [LogLoader partition=__consumer_offsets-34, dir=/home/deepone/kafka_2.13-4.0.0/logs/kafka-data-0] Loading producer state till offset 0 (org.apache.kafka.storage.internals.log.UnifiedLog)
[2026-08-08 14:56:08,826] INFO Created log for partition __consumer_offsets-34 in /home/deepone/kafka_2.13-4.0.0/logs/kafka-data-0/__consumer_offsets-34 with properties {cleanup.policy=compact, compression.type="producer", segment.bytes=104857600} (kafka.log.LogManager)
[2026-08-08 14:56:08,826] INFO [Partition __consumer_offsets-34 broker=0] No checkpointed highwatermark is found for partition __consumer_offsets-34 (kafka.cluster.Partition)
[2026-08-08 14:56:08,827] INFO [Partition __consumer_offsets-34 broker=0] Log loaded for partition __consumer_offsets-34 with initial high watermark 0 (kafka.cluster.Partition)
[2026-08-08 14:56:08,834] INFO [LogLoader partition=__consumer_offsets-16, dir=/home/deepone/kafka_2.13-4.0.0/logs/kafka-data-0] Loading producer state till offset 0 (org.apache.kafka.storage.internals.log.UnifiedLog)
[2026-08-08 14:56:08,836] INFO Created log for partition __consumer_offsets-16 in /home/deepone/kafka_2.13-4.0.0/logs/kafka-data-0/__consumer_offsets-16 with properties {cleanup.policy=compact, compression.type="producer", segment.bytes=104857600} (kafka.log.LogManager)
[2026-08-08 14:56:08,836] INFO [Partition __consumer_offsets-16 broker=0] No checkpointed highwatermark is found for partition __consumer_offsets-16 (kafka.cluster.Partition)
[2026-08-08 14:56:08,836] INFO [Partition __consumer_offsets-16 broker=0] Log loaded for partition __consumer_offsets-16 with initial high watermark 0 (kafka.cluster.Partition)
[2026-08-08 14:56:08,844] INFO [LogLoader partition=__consumer_offsets-45, dir=/home/deepone/kafka_2.13-4.0.0/logs/kafka-data-0] Loading producer state till offset 0 (org.apache.kafka.storage.internals.log.UnifiedLog)
[2026-08-08 14:56:08,845] INFO Created log for partition __consumer_offsets-45 in /home/deepone/kafka_2.13-4.0.0/logs/kafka-data-0/__consumer_offsets-45 with properties {cleanup.policy=compact, compression.type="producer", segment.bytes=104857600} (kafka.log.LogManager)
[2026-08-08 14:56:08,845] INFO [Partition __consumer_offsets-45 broker=0] No checkpointed highwatermark is found for partition __consumer_offsets-45 (kafka.cluster.Partition)
[2026-08-08 14:56:08,846] INFO [Partition __consumer_offsets-45 broker=0] Log loaded for partition __consumer_offsets-45 with initial high watermark 0 (kafka.cluster.Partition)
[2026-08-08 14:56:08,859] INFO [LogLoader partition=__consumer_offsets-12, dir=/home/deepone/kafka_2.13-4.0.0/logs/kafka-data-0] Loading producer state till offset 0 (org.apache.kafka.storage.internals.log.UnifiedLog)
[2026-08-08 14:56:08,860] INFO Created log for partition __consumer_offsets-12 in /home/deepone/kafka_2.13-4.0.0/logs/kafka-data-0/__consumer_offsets-12 with properties {cleanup.policy=compact, compression.type="producer", segment.bytes=104857600} (kafka.log.LogManager)
[2026-08-08 14:56:08,860] INFO [Partition __consumer_offsets-12 broker=0] No checkpointed highwatermark is found for partition __consumer_offsets-12 (kafka.cluster.Partition)
[2026-08-08 14:56:08,860] INFO [Partition __consumer_offsets-12 broker=0] Log loaded for partition __consumer_offsets-12 with initial high watermark 0 (kafka.cluster.Partition)
[2026-08-08 14:56:08,867] INFO [LogLoader partition=__consumer_offsets-41, dir=/home/deepone/kafka_2.13-4.0.0/logs/kafka-data-0] Loading producer state till offset 0 (org.apache.kafka.storage.internals.log.UnifiedLog)
[2026-08-08 14:56:08,871] INFO Created log for partition __consumer_offsets-41 in /home/deepone/kafka_2.13-4.0.0/logs/kafka-data-0/__consumer_offsets-41 with properties {cleanup.policy=compact, compression.type="producer", segment.bytes=104857600} (kafka.log.LogManager)
[2026-08-08 14:56:08,872] INFO [Partition __consumer_offsets-41 broker=0] No checkpointed highwatermark is found for partition __consumer_offsets-41 (kafka.cluster.Partition)
[2026-08-08 14:56:08,876] INFO [Partition __consumer_offsets-41 broker=0] Log loaded for partition __consumer_offsets-41 with initial high watermark 0 (kafka.cluster.Partition)
[2026-08-08 14:56:08,892] INFO [LogLoader partition=__consumer_offsets-24, dir=/home/deepone/kafka_2.13-4.0.0/logs/kafka-data-0] Loading producer state till offset 0 (org.apache.kafka.storage.internals.log.UnifiedLog)
[2026-08-08 14:56:08,894] INFO Created log for partition __consumer_offsets-24 in /home/deepone/kafka_2.13-4.0.0/logs/kafka-data-0/__consumer_offsets-24 with properties {cleanup.policy=compact, compression.type="producer", segment.bytes=104857600} (kafka.log.LogManager)
[2026-08-08 14:56:08,894] INFO [Partition __consumer_offsets-24 broker=0] No checkpointed highwatermark is found for partition __consumer_offsets-24 (kafka.cluster.Partition)
[2026-08-08 14:56:08,894] INFO [Partition __consumer_offsets-24 broker=0] Log loaded for partition __consumer_offsets-24 with initial high watermark 0 (kafka.cluster.Partition)
[2026-08-08 14:56:08,905] INFO [LogLoader partition=__consumer_offsets-20, dir=/home/deepone/kafka_2.13-4.0.0/logs/kafka-data-0] Loading producer state till offset 0 (org.apache.kafka.storage.internals.log.UnifiedLog)
[2026-08-08 14:56:08,907] INFO Created log for partition __consumer_offsets-20 in /home/deepone/kafka_2.13-4.0.0/logs/kafka-data-0/__consumer_offsets-20 with properties {cleanup.policy=compact, compression.type="producer", segment.bytes=104857600} (kafka.log.LogManager)
[2026-08-08 14:56:08,907] INFO [Partition __consumer_offsets-20 broker=0] No checkpointed highwatermark is found for partition __consumer_offsets-20 (kafka.cluster.Partition)
[2026-08-08 14:56:08,907] INFO [Partition __consumer_offsets-20 broker=0] Log loaded for partition __consumer_offsets-20 with initial high watermark 0 (kafka.cluster.Partition)
[2026-08-08 14:56:08,914] INFO [LogLoader partition=__consumer_offsets-49, dir=/home/deepone/kafka_2.13-4.0.0/logs/kafka-data-0] Loading producer state till offset 0 (org.apache.kafka.storage.internals.log.UnifiedLog)
[2026-08-08 14:56:08,916] INFO Created log for partition __consumer_offsets-49 in /home/deepone/kafka_2.13-4.0.0/logs/kafka-data-0/__consumer_offsets-49 with properties {cleanup.policy=compact, compression.type="producer", segment.bytes=104857600} (kafka.log.LogManager)
[2026-08-08 14:56:08,917] INFO [Partition __consumer_offsets-49 broker=0] No checkpointed highwatermark is found for partition __consumer_offsets-49 (kafka.cluster.Partition)
[2026-08-08 14:56:08,917] INFO [Partition __consumer_offsets-49 broker=0] Log loaded for partition __consumer_offsets-49 with initial high watermark 0 (kafka.cluster.Partition)
[2026-08-08 14:56:08,933] INFO [LogLoader partition=__consumer_offsets-0, dir=/home/deepone/kafka_2.13-4.0.0/logs/kafka-data-0] Loading producer state till offset 0 (org.apache.kafka.storage.internals.log.UnifiedLog)
[2026-08-08 14:56:08,934] INFO Created log for partition __consumer_offsets-0 in /home/deepone/kafka_2.13-4.0.0/logs/kafka-data-0/__consumer_offsets-0 with properties {cleanup.policy=compact, compression.type="producer", segment.bytes=104857600} (kafka.log.LogManager)
[2026-08-08 14:56:08,938] INFO [Partition __consumer_offsets-0 broker=0] No checkpointed highwatermark is found for partition __consumer_offsets-0 (kafka.cluster.Partition)
[2026-08-08 14:56:08,938] INFO [Partition __consumer_offsets-0 broker=0] Log loaded for partition __consumer_offsets-0 with initial high watermark 0 (kafka.cluster.Partition)
[2026-08-08 14:56:08,947] INFO [LogLoader partition=__consumer_offsets-29, dir=/home/deepone/kafka_2.13-4.0.0/logs/kafka-data-0] Loading producer state till offset 0 (org.apache.kafka.storage.internals.log.UnifiedLog)
[2026-08-08 14:56:08,948] INFO Created log for partition __consumer_offsets-29 in /home/deepone/kafka_2.13-4.0.0/logs/kafka-data-0/__consumer_offsets-29 with properties {cleanup.policy=compact, compression.type="producer", segment.bytes=104857600} (kafka.log.LogManager)
[2026-08-08 14:56:08,948] INFO [Partition __consumer_offsets-29 broker=0] No checkpointed highwatermark is found for partition __consumer_offsets-29 (kafka.cluster.Partition)
[2026-08-08 14:56:08,949] INFO [Partition __consumer_offsets-29 broker=0] Log loaded for partition __consumer_offsets-29 with initial high watermark 0 (kafka.cluster.Partition)
[2026-08-08 14:56:08,955] INFO [LogLoader partition=__consumer_offsets-25, dir=/home/deepone/kafka_2.13-4.0.0/logs/kafka-data-0] Loading producer state till offset 0 (org.apache.kafka.storage.internals.log.UnifiedLog)
[2026-08-08 14:56:08,957] INFO Created log for partition __consumer_offsets-25 in /home/deepone/kafka_2.13-4.0.0/logs/kafka-data-0/__consumer_offsets-25 with properties {cleanup.policy=compact, compression.type="producer", segment.bytes=104857600} (kafka.log.LogManager)
[2026-08-08 14:56:08,957] INFO [Partition __consumer_offsets-25 broker=0] No checkpointed highwatermark is found for partition __consumer_offsets-25 (kafka.cluster.Partition)
[2026-08-08 14:56:08,958] INFO [Partition __consumer_offsets-25 broker=0] Log loaded for partition __consumer_offsets-25 with initial high watermark 0 (kafka.cluster.Partition)
[2026-08-08 14:56:08,967] INFO [LogLoader partition=__consumer_offsets-8, dir=/home/deepone/kafka_2.13-4.0.0/logs/kafka-data-0] Loading producer state till offset 0 (org.apache.kafka.storage.internals.log.UnifiedLog)
[2026-08-08 14:56:08,968] INFO Created log for partition __consumer_offsets-8 in /home/deepone/kafka_2.13-4.0.0/logs/kafka-data-0/__consumer_offsets-8 with properties {cleanup.policy=compact, compression.type="producer", segment.bytes=104857600} (kafka.log.LogManager)
[2026-08-08 14:56:08,968] INFO [Partition __consumer_offsets-8 broker=0] No checkpointed highwatermark is found for partition __consumer_offsets-8 (kafka.cluster.Partition)
[2026-08-08 14:56:08,968] INFO [Partition __consumer_offsets-8 broker=0] Log loaded for partition __consumer_offsets-8 with initial high watermark 0 (kafka.cluster.Partition)
[2026-08-08 14:56:08,976] INFO [LogLoader partition=__consumer_offsets-37, dir=/home/deepone/kafka_2.13-4.0.0/logs/kafka-data-0] Loading producer state till offset 0 (org.apache.kafka.storage.internals.log.UnifiedLog)
[2026-08-08 14:56:08,977] INFO Created log for partition __consumer_offsets-37 in /home/deepone/kafka_2.13-4.0.0/logs/kafka-data-0/__consumer_offsets-37 with properties {cleanup.policy=compact, compression.type="producer", segment.bytes=104857600} (kafka.log.LogManager)
[2026-08-08 14:56:08,978] INFO [Partition __consumer_offsets-37 broker=0] No checkpointed highwatermark is found for partition __consumer_offsets-37 (kafka.cluster.Partition)
[2026-08-08 14:56:08,978] INFO [Partition __consumer_offsets-37 broker=0] Log loaded for partition __consumer_offsets-37 with initial high watermark 0 (kafka.cluster.Partition)
[2026-08-08 14:56:08,984] INFO [LogLoader partition=__consumer_offsets-4, dir=/home/deepone/kafka_2.13-4.0.0/logs/kafka-data-0] Loading producer state till offset 0 (org.apache.kafka.storage.internals.log.UnifiedLog)
[2026-08-08 14:56:09,010] INFO Created log for partition __consumer_offsets-4 in /home/deepone/kafka_2.13-4.0.0/logs/kafka-data-0/__consumer_offsets-4 with properties {cleanup.policy=compact, compression.type="producer", segment.bytes=104857600} (kafka.log.LogManager)
[2026-08-08 14:56:09,010] INFO [Partition __consumer_offsets-4 broker=0] No checkpointed highwatermark is found for partition __consumer_offsets-4 (kafka.cluster.Partition)
[2026-08-08 14:56:09,010] INFO [Partition __consumer_offsets-4 broker=0] Log loaded for partition __consumer_offsets-4 with initial high watermark 0 (kafka.cluster.Partition)
[2026-08-08 14:56:09,017] INFO [LogLoader partition=__consumer_offsets-33, dir=/home/deepone/kafka_2.13-4.0.0/logs/kafka-data-0] Loading producer state till offset 0 (org.apache.kafka.storage.internals.log.UnifiedLog)
[2026-08-08 14:56:09,019] INFO Created log for partition __consumer_offsets-33 in /home/deepone/kafka_2.13-4.0.0/logs/kafka-data-0/__consumer_offsets-33 with properties {cleanup.policy=compact, compression.type="producer", segment.bytes=104857600} (kafka.log.LogManager)
[2026-08-08 14:56:09,019] INFO [Partition __consumer_offsets-33 broker=0] No checkpointed highwatermark is found for partition __consumer_offsets-33 (kafka.cluster.Partition)
[2026-08-08 14:56:09,019] INFO [Partition __consumer_offsets-33 broker=0] Log loaded for partition __consumer_offsets-33 with initial high watermark 0 (kafka.cluster.Partition)
[2026-08-08 14:56:09,026] INFO [LogLoader partition=__consumer_offsets-15, dir=/home/deepone/kafka_2.13-4.0.0/logs/kafka-data-0] Loading producer state till offset 0 (org.apache.kafka.storage.internals.log.UnifiedLog)
[2026-08-08 14:56:09,027] INFO Created log for partition __consumer_offsets-15 in /home/deepone/kafka_2.13-4.0.0/logs/kafka-data-0/__consumer_offsets-15 with properties {cleanup.policy=compact, compression.type="producer", segment.bytes=104857600} (kafka.log.LogManager)
[2026-08-08 14:56:09,027] INFO [Partition __consumer_offsets-15 broker=0] No checkpointed highwatermark is found for partition __consumer_offsets-15 (kafka.cluster.Partition)
[2026-08-08 14:56:09,028] INFO [Partition __consumer_offsets-15 broker=0] Log loaded for partition __consumer_offsets-15 with initial high watermark 0 (kafka.cluster.Partition)
[2026-08-08 14:56:09,032] INFO [LogLoader partition=__consumer_offsets-48, dir=/home/deepone/kafka_2.13-4.0.0/logs/kafka-data-0] Loading producer state till offset 0 (org.apache.kafka.storage.internals.log.UnifiedLog)
[2026-08-08 14:56:09,033] INFO Created log for partition __consumer_offsets-48 in /home/deepone/kafka_2.13-4.0.0/logs/kafka-data-0/__consumer_offsets-48 with properties {cleanup.policy=compact, compression.type="producer", segment.bytes=104857600} (kafka.log.LogManager)
[2026-08-08 14:56:09,033] INFO [Partition __consumer_offsets-48 broker=0] No checkpointed highwatermark is found for partition __consumer_offsets-48 (kafka.cluster.Partition)
[2026-08-08 14:56:09,033] INFO [Partition __consumer_offsets-48 broker=0] Log loaded for partition __consumer_offsets-48 with initial high watermark 0 (kafka.cluster.Partition)
[2026-08-08 14:56:09,039] INFO [LogLoader partition=__consumer_offsets-11, dir=/home/deepone/kafka_2.13-4.0.0/logs/kafka-data-0] Loading producer state till offset 0 (org.apache.kafka.storage.internals.log.UnifiedLog)
[2026-08-08 14:56:09,040] INFO Created log for partition __consumer_offsets-11 in /home/deepone/kafka_2.13-4.0.0/logs/kafka-data-0/__consumer_offsets-11 with properties {cleanup.policy=compact, compression.type="producer", segment.bytes=104857600} (kafka.log.LogManager)
[2026-08-08 14:56:09,041] INFO [Partition __consumer_offsets-11 broker=0] No checkpointed highwatermark is found for partition __consumer_offsets-11 (kafka.cluster.Partition)
[2026-08-08 14:56:09,041] INFO [Partition __consumer_offsets-11 broker=0] Log loaded for partition __consumer_offsets-11 with initial high watermark 0 (kafka.cluster.Partition)
[2026-08-08 14:56:09,047] INFO [LogLoader partition=__consumer_offsets-44, dir=/home/deepone/kafka_2.13-4.0.0/logs/kafka-data-0] Loading producer state till offset 0 (org.apache.kafka.storage.internals.log.UnifiedLog)
[2026-08-08 14:56:09,048] INFO Created log for partition __consumer_offsets-44 in /home/deepone/kafka_2.13-4.0.0/logs/kafka-data-0/__consumer_offsets-44 with properties {cleanup.policy=compact, compression.type="producer", segment.bytes=104857600} (kafka.log.LogManager)
[2026-08-08 14:56:09,048] INFO [Partition __consumer_offsets-44 broker=0] No checkpointed highwatermark is found for partition __consumer_offsets-44 (kafka.cluster.Partition)
[2026-08-08 14:56:09,048] INFO [Partition __consumer_offsets-44 broker=0] Log loaded for partition __consumer_offsets-44 with initial high watermark 0 (kafka.cluster.Partition)
[2026-08-08 14:56:09,058] INFO [LogLoader partition=__consumer_offsets-23, dir=/home/deepone/kafka_2.13-4.0.0/logs/kafka-data-0] Loading producer state till offset 0 (org.apache.kafka.storage.internals.log.UnifiedLog)
[2026-08-08 14:56:09,059] INFO Created log for partition __consumer_offsets-23 in /home/deepone/kafka_2.13-4.0.0/logs/kafka-data-0/__consumer_offsets-23 with properties {cleanup.policy=compact, compression.type="producer", segment.bytes=104857600} (kafka.log.LogManager)
[2026-08-08 14:56:09,060] INFO [Partition __consumer_offsets-23 broker=0] No checkpointed highwatermark is found for partition __consumer_offsets-23 (kafka.cluster.Partition)
[2026-08-08 14:56:09,061] INFO [Partition __consumer_offsets-23 broker=0] Log loaded for partition __consumer_offsets-23 with initial high watermark 0 (kafka.cluster.Partition)
[2026-08-08 14:56:09,071] INFO [LogLoader partition=__consumer_offsets-19, dir=/home/deepone/kafka_2.13-4.0.0/logs/kafka-data-0] Loading producer state till offset 0 (org.apache.kafka.storage.internals.log.UnifiedLog)
[2026-08-08 14:56:09,072] INFO Created log for partition __consumer_offsets-19 in /home/deepone/kafka_2.13-4.0.0/logs/kafka-data-0/__consumer_offsets-19 with properties {cleanup.policy=compact, compression.type="producer", segment.bytes=104857600} (kafka.log.LogManager)
[2026-08-08 14:56:09,072] INFO [Partition __consumer_offsets-19 broker=0] No checkpointed highwatermark is found for partition __consumer_offsets-19 (kafka.cluster.Partition)
[2026-08-08 14:56:09,072] INFO [Partition __consumer_offsets-19 broker=0] Log loaded for partition __consumer_offsets-19 with initial high watermark 0 (kafka.cluster.Partition)
[2026-08-08 14:56:09,078] INFO [LogLoader partition=__consumer_offsets-32, dir=/home/deepone/kafka_2.13-4.0.0/logs/kafka-data-0] Loading producer state till offset 0 (org.apache.kafka.storage.internals.log.UnifiedLog)
[2026-08-08 14:56:09,079] INFO Created log for partition __consumer_offsets-32 in /home/deepone/kafka_2.13-4.0.0/logs/kafka-data-0/__consumer_offsets-32 with properties {cleanup.policy=compact, compression.type="producer", segment.bytes=104857600} (kafka.log.LogManager)
[2026-08-08 14:56:09,080] INFO [Partition __consumer_offsets-32 broker=0] No checkpointed highwatermark is found for partition __consumer_offsets-32 (kafka.cluster.Partition)
[2026-08-08 14:56:09,080] INFO [Partition __consumer_offsets-32 broker=0] Log loaded for partition __consumer_offsets-32 with initial high watermark 0 (kafka.cluster.Partition)
[2026-08-08 14:56:09,085] INFO [LogLoader partition=__consumer_offsets-28, dir=/home/deepone/kafka_2.13-4.0.0/logs/kafka-data-0] Loading producer state till offset 0 (org.apache.kafka.storage.internals.log.UnifiedLog)
[2026-08-08 14:56:09,086] INFO Created log for partition __consumer_offsets-28 in /home/deepone/kafka_2.13-4.0.0/logs/kafka-data-0/__consumer_offsets-28 with properties {cleanup.policy=compact, compression.type="producer", segment.bytes=104857600} (kafka.log.LogManager)
[2026-08-08 14:56:09,087] INFO [Partition __consumer_offsets-28 broker=0] No checkpointed highwatermark is found for partition __consumer_offsets-28 (kafka.cluster.Partition)
[2026-08-08 14:56:09,087] INFO [Partition __consumer_offsets-28 broker=0] Log loaded for partition __consumer_offsets-28 with initial high watermark 0 (kafka.cluster.Partition)
[2026-08-08 14:56:09,091] INFO [LogLoader partition=__consumer_offsets-7, dir=/home/deepone/kafka_2.13-4.0.0/logs/kafka-data-0] Loading producer state till offset 0 (org.apache.kafka.storage.internals.log.UnifiedLog)
[2026-08-08 14:56:09,093] INFO Created log for partition __consumer_offsets-7 in /home/deepone/kafka_2.13-4.0.0/logs/kafka-data-0/__consumer_offsets-7 with properties {cleanup.policy=compact, compression.type="producer", segment.bytes=104857600} (kafka.log.LogManager)
[2026-08-08 14:56:09,093] INFO [Partition __consumer_offsets-7 broker=0] No checkpointed highwatermark is found for partition __consumer_offsets-7 (kafka.cluster.Partition)
[2026-08-08 14:56:09,093] INFO [Partition __consumer_offsets-7 broker=0] Log loaded for partition __consumer_offsets-7 with initial high watermark 0 (kafka.cluster.Partition)
[2026-08-08 14:56:09,108] INFO [LogLoader partition=__consumer_offsets-40, dir=/home/deepone/kafka_2.13-4.0.0/logs/kafka-data-0] Loading producer state till offset 0 (org.apache.kafka.storage.internals.log.UnifiedLog)
[2026-08-08 14:56:09,114] INFO Created log for partition __consumer_offsets-40 in /home/deepone/kafka_2.13-4.0.0/logs/kafka-data-0/__consumer_offsets-40 with properties {cleanup.policy=compact, compression.type="producer", segment.bytes=104857600} (kafka.log.LogManager)
[2026-08-08 14:56:09,114] INFO [Partition __consumer_offsets-40 broker=0] No checkpointed highwatermark is found for partition __consumer_offsets-40 (kafka.cluster.Partition)
[2026-08-08 14:56:09,114] INFO [Partition __consumer_offsets-40 broker=0] Log loaded for partition __consumer_offsets-40 with initial high watermark 0 (kafka.cluster.Partition)
[2026-08-08 14:56:09,120] INFO [LogLoader partition=__consumer_offsets-3, dir=/home/deepone/kafka_2.13-4.0.0/logs/kafka-data-0] Loading producer state till offset 0 (org.apache.kafka.storage.internals.log.UnifiedLog)
[2026-08-08 14:56:09,121] INFO Created log for partition __consumer_offsets-3 in /home/deepone/kafka_2.13-4.0.0/logs/kafka-data-0/__consumer_offsets-3 with properties {cleanup.policy=compact, compression.type="producer", segment.bytes=104857600} (kafka.log.LogManager)
[2026-08-08 14:56:09,121] INFO [Partition __consumer_offsets-3 broker=0] No checkpointed highwatermark is found for partition __consumer_offsets-3 (kafka.cluster.Partition)
[2026-08-08 14:56:09,121] INFO [Partition __consumer_offsets-3 broker=0] Log loaded for partition __consumer_offsets-3 with initial high watermark 0 (kafka.cluster.Partition)
[2026-08-08 14:56:09,125] INFO [LogLoader partition=__consumer_offsets-36, dir=/home/deepone/kafka_2.13-4.0.0/logs/kafka-data-0] Loading producer state till offset 0 (org.apache.kafka.storage.internals.log.UnifiedLog)
[2026-08-08 14:56:09,128] INFO Created log for partition __consumer_offsets-36 in /home/deepone/kafka_2.13-4.0.0/logs/kafka-data-0/__consumer_offsets-36 with properties {cleanup.policy=compact, compression.type="producer", segment.bytes=104857600} (kafka.log.LogManager)
[2026-08-08 14:56:09,129] INFO [Partition __consumer_offsets-36 broker=0] No checkpointed highwatermark is found for partition __consumer_offsets-36 (kafka.cluster.Partition)
[2026-08-08 14:56:09,129] INFO [Partition __consumer_offsets-36 broker=0] Log loaded for partition __consumer_offsets-36 with initial high watermark 0 (kafka.cluster.Partition)
[2026-08-08 14:56:09,137] INFO [LogLoader partition=__consumer_offsets-47, dir=/home/deepone/kafka_2.13-4.0.0/logs/kafka-data-0] Loading producer state till offset 0 (org.apache.kafka.storage.internals.log.UnifiedLog)
[2026-08-08 14:56:09,138] INFO Created log for partition __consumer_offsets-47 in /home/deepone/kafka_2.13-4.0.0/logs/kafka-data-0/__consumer_offsets-47 with properties {cleanup.policy=compact, compression.type="producer", segment.bytes=104857600} (kafka.log.LogManager)
[2026-08-08 14:56:09,139] INFO [Partition __consumer_offsets-47 broker=0] No checkpointed highwatermark is found for partition __consumer_offsets-47 (kafka.cluster.Partition)
[2026-08-08 14:56:09,139] INFO [Partition __consumer_offsets-47 broker=0] Log loaded for partition __consumer_offsets-47 with initial high watermark 0 (kafka.cluster.Partition)
[2026-08-08 14:56:09,148] INFO [LogLoader partition=__consumer_offsets-14, dir=/home/deepone/kafka_2.13-4.0.0/logs/kafka-data-0] Loading producer state till offset 0 (org.apache.kafka.storage.internals.log.UnifiedLog)
[2026-08-08 14:56:09,149] INFO Created log for partition __consumer_offsets-14 in /home/deepone/kafka_2.13-4.0.0/logs/kafka-data-0/__consumer_offsets-14 with properties {cleanup.policy=compact, compression.type="producer", segment.bytes=104857600} (kafka.log.LogManager)
[2026-08-08 14:56:09,150] INFO [Partition __consumer_offsets-14 broker=0] No checkpointed highwatermark is found for partition __consumer_offsets-14 (kafka.cluster.Partition)
[2026-08-08 14:56:09,150] INFO [Partition __consumer_offsets-14 broker=0] Log loaded for partition __consumer_offsets-14 with initial high watermark 0 (kafka.cluster.Partition)
[2026-08-08 14:56:09,157] INFO [LogLoader partition=__consumer_offsets-43, dir=/home/deepone/kafka_2.13-4.0.0/logs/kafka-data-0] Loading producer state till offset 0 (org.apache.kafka.storage.internals.log.UnifiedLog)
[2026-08-08 14:56:09,158] INFO Created log for partition __consumer_offsets-43 in /home/deepone/kafka_2.13-4.0.0/logs/kafka-data-0/__consumer_offsets-43 with properties {cleanup.policy=compact, compression.type="producer", segment.bytes=104857600} (kafka.log.LogManager)
[2026-08-08 14:56:09,158] INFO [Partition __consumer_offsets-43 broker=0] No checkpointed highwatermark is found for partition __consumer_offsets-43 (kafka.cluster.Partition)
[2026-08-08 14:56:09,158] INFO [Partition __consumer_offsets-43 broker=0] Log loaded for partition __consumer_offsets-43 with initial high watermark 0 (kafka.cluster.Partition)
[2026-08-08 14:56:09,164] INFO [LogLoader partition=__consumer_offsets-10, dir=/home/deepone/kafka_2.13-4.0.0/logs/kafka-data-0] Loading producer state till offset 0 (org.apache.kafka.storage.internals.log.UnifiedLog)
[2026-08-08 14:56:09,165] INFO Created log for partition __consumer_offsets-10 in /home/deepone/kafka_2.13-4.0.0/logs/kafka-data-0/__consumer_offsets-10 with properties {cleanup.policy=compact, compression.type="producer", segment.bytes=104857600} (kafka.log.LogManager)
[2026-08-08 14:56:09,165] INFO [Partition __consumer_offsets-10 broker=0] No checkpointed highwatermark is found for partition __consumer_offsets-10 (kafka.cluster.Partition)
[2026-08-08 14:56:09,166] INFO [Partition __consumer_offsets-10 broker=0] Log loaded for partition __consumer_offsets-10 with initial high watermark 0 (kafka.cluster.Partition)
[2026-08-08 14:56:09,172] INFO [LogLoader partition=__consumer_offsets-22, dir=/home/deepone/kafka_2.13-4.0.0/logs/kafka-data-0] Loading producer state till offset 0 (org.apache.kafka.storage.internals.log.UnifiedLog)
[2026-08-08 14:56:09,174] INFO Created log for partition __consumer_offsets-22 in /home/deepone/kafka_2.13-4.0.0/logs/kafka-data-0/__consumer_offsets-22 with properties {cleanup.policy=compact, compression.type="producer", segment.bytes=104857600} (kafka.log.LogManager)
[2026-08-08 14:56:09,174] INFO [Partition __consumer_offsets-22 broker=0] No checkpointed highwatermark is found for partition __consumer_offsets-22 (kafka.cluster.Partition)
[2026-08-08 14:56:09,174] INFO [Partition __consumer_offsets-22 broker=0] Log loaded for partition __consumer_offsets-22 with initial high watermark 0 (kafka.cluster.Partition)
[2026-08-08 14:56:09,182] INFO [LogLoader partition=__consumer_offsets-18, dir=/home/deepone/kafka_2.13-4.0.0/logs/kafka-data-0] Loading producer state till offset 0 (org.apache.kafka.storage.internals.log.UnifiedLog)
[2026-08-08 14:56:09,186] INFO Created log for partition __consumer_offsets-18 in /home/deepone/kafka_2.13-4.0.0/logs/kafka-data-0/__consumer_offsets-18 with properties {cleanup.policy=compact, compression.type="producer", segment.bytes=104857600} (kafka.log.LogManager)
[2026-08-08 14:56:09,186] INFO [Partition __consumer_offsets-18 broker=0] No checkpointed highwatermark is found for partition __consumer_offsets-18 (kafka.cluster.Partition)
[2026-08-08 14:56:09,187] INFO [Partition __consumer_offsets-18 broker=0] Log loaded for partition __consumer_offsets-18 with initial high watermark 0 (kafka.cluster.Partition)
[2026-08-08 14:56:09,202] INFO [LogLoader partition=__consumer_offsets-31, dir=/home/deepone/kafka_2.13-4.0.0/logs/kafka-data-0] Loading producer state till offset 0 (org.apache.kafka.storage.internals.log.UnifiedLog)
[2026-08-08 14:56:09,202] INFO Created log for partition __consumer_offsets-31 in /home/deepone/kafka_2.13-4.0.0/logs/kafka-data-0/__consumer_offsets-31 with properties {cleanup.policy=compact, compression.type="producer", segment.bytes=104857600} (kafka.log.LogManager)
[2026-08-08 14:56:09,203] INFO [Partition __consumer_offsets-31 broker=0] No checkpointed highwatermark is found for partition __consumer_offsets-31 (kafka.cluster.Partition)
[2026-08-08 14:56:09,203] INFO [Partition __consumer_offsets-31 broker=0] Log loaded for partition __consumer_offsets-31 with initial high watermark 0 (kafka.cluster.Partition)
[2026-08-08 14:56:09,208] INFO [LogLoader partition=__consumer_offsets-27, dir=/home/deepone/kafka_2.13-4.0.0/logs/kafka-data-0] Loading producer state till offset 0 (org.apache.kafka.storage.internals.log.UnifiedLog)
[2026-08-08 14:56:09,209] INFO Created log for partition __consumer_offsets-27 in /home/deepone/kafka_2.13-4.0.0/logs/kafka-data-0/__consumer_offsets-27 with properties {cleanup.policy=compact, compression.type="producer", segment.bytes=104857600} (kafka.log.LogManager)
[2026-08-08 14:56:09,209] INFO [Partition __consumer_offsets-27 broker=0] No checkpointed highwatermark is found for partition __consumer_offsets-27 (kafka.cluster.Partition)
[2026-08-08 14:56:09,210] INFO [Partition __consumer_offsets-27 broker=0] Log loaded for partition __consumer_offsets-27 with initial high watermark 0 (kafka.cluster.Partition)
[2026-08-08 14:56:09,217] INFO [LogLoader partition=__consumer_offsets-39, dir=/home/deepone/kafka_2.13-4.0.0/logs/kafka-data-0] Loading producer state till offset 0 (org.apache.kafka.storage.internals.log.UnifiedLog)
[2026-08-08 14:56:09,219] INFO Created log for partition __consumer_offsets-39 in /home/deepone/kafka_2.13-4.0.0/logs/kafka-data-0/__consumer_offsets-39 with properties {cleanup.policy=compact, compression.type="producer", segment.bytes=104857600} (kafka.log.LogManager)
[2026-08-08 14:56:09,220] INFO [Partition __consumer_offsets-39 broker=0] No checkpointed highwatermark is found for partition __consumer_offsets-39 (kafka.cluster.Partition)
[2026-08-08 14:56:09,220] INFO [Partition __consumer_offsets-39 broker=0] Log loaded for partition __consumer_offsets-39 with initial high watermark 0 (kafka.cluster.Partition)
[2026-08-08 14:56:09,233] INFO [LogLoader partition=__consumer_offsets-6, dir=/home/deepone/kafka_2.13-4.0.0/logs/kafka-data-0] Loading producer state till offset 0 (org.apache.kafka.storage.internals.log.UnifiedLog)
[2026-08-08 14:56:09,235] INFO Created log for partition __consumer_offsets-6 in /home/deepone/kafka_2.13-4.0.0/logs/kafka-data-0/__consumer_offsets-6 with properties {cleanup.policy=compact, compression.type="producer", segment.bytes=104857600} (kafka.log.LogManager)
[2026-08-08 14:56:09,235] INFO [Partition __consumer_offsets-6 broker=0] No checkpointed highwatermark is found for partition __consumer_offsets-6 (kafka.cluster.Partition)
[2026-08-08 14:56:09,235] INFO [Partition __consumer_offsets-6 broker=0] Log loaded for partition __consumer_offsets-6 with initial high watermark 0 (kafka.cluster.Partition)
[2026-08-08 14:56:09,244] INFO [LogLoader partition=__consumer_offsets-35, dir=/home/deepone/kafka_2.13-4.0.0/logs/kafka-data-0] Loading producer state till offset 0 (org.apache.kafka.storage.internals.log.UnifiedLog)
[2026-08-08 14:56:09,246] INFO Created log for partition __consumer_offsets-35 in /home/deepone/kafka_2.13-4.0.0/logs/kafka-data-0/__consumer_offsets-35 with properties {cleanup.policy=compact, compression.type="producer", segment.bytes=104857600} (kafka.log.LogManager)
[2026-08-08 14:56:09,246] INFO [Partition __consumer_offsets-35 broker=0] No checkpointed highwatermark is found for partition __consumer_offsets-35 (kafka.cluster.Partition)
[2026-08-08 14:56:09,246] INFO [Partition __consumer_offsets-35 broker=0] Log loaded for partition __consumer_offsets-35 with initial high watermark 0 (kafka.cluster.Partition)
[2026-08-08 14:56:09,257] INFO [LogLoader partition=__consumer_offsets-2, dir=/home/deepone/kafka_2.13-4.0.0/logs/kafka-data-0] Loading producer state till offset 0 (org.apache.kafka.storage.internals.log.UnifiedLog)
[2026-08-08 14:56:09,259] INFO Created log for partition __consumer_offsets-2 in /home/deepone/kafka_2.13-4.0.0/logs/kafka-data-0/__consumer_offsets-2 with properties {cleanup.policy=compact, compression.type="producer", segment.bytes=104857600} (kafka.log.LogManager)
[2026-08-08 14:56:09,260] INFO [Partition __consumer_offsets-2 broker=0] No checkpointed highwatermark is found for partition __consumer_offsets-2 (kafka.cluster.Partition)
[2026-08-08 14:56:09,260] INFO [Partition __consumer_offsets-2 broker=0] Log loaded for partition __consumer_offsets-2 with initial high watermark 0 (kafka.cluster.Partition)
[2026-08-08 14:56:09,268] INFO [GroupCoordinator id=0] Scheduling loading of metadata from __consumer_offsets-13 with epoch 0 (org.apache.kafka.coordinator.common.runtime.CoordinatorRuntime)
[2026-08-08 14:56:09,280] INFO [GroupCoordinator id=0] Scheduling loading of metadata from __consumer_offsets-46 with epoch 0 (org.apache.kafka.coordinator.common.runtime.CoordinatorRuntime)
[2026-08-08 14:56:09,281] INFO [GroupCoordinator id=0] Scheduling loading of metadata from __consumer_offsets-9 with epoch 0 (org.apache.kafka.coordinator.common.runtime.CoordinatorRuntime)
[2026-08-08 14:56:09,281] INFO [GroupCoordinator id=0] Scheduling loading of metadata from __consumer_offsets-42 with epoch 0 (org.apache.kafka.coordinator.common.runtime.CoordinatorRuntime)
[2026-08-08 14:56:09,281] INFO [GroupCoordinator id=0] Scheduling loading of metadata from __consumer_offsets-21 with epoch 0 (org.apache.kafka.coordinator.common.runtime.CoordinatorRuntime)
[2026-08-08 14:56:09,282] INFO [GroupCoordinator id=0] Scheduling loading of metadata from __consumer_offsets-17 with epoch 0 (org.apache.kafka.coordinator.common.runtime.CoordinatorRuntime)
[2026-08-08 14:56:09,282] INFO [GroupCoordinator id=0] Scheduling loading of metadata from __consumer_offsets-30 with epoch 0 (org.apache.kafka.coordinator.common.runtime.CoordinatorRuntime)
[2026-08-08 14:56:09,282] INFO [GroupCoordinator id=0] Scheduling loading of metadata from __consumer_offsets-26 with epoch 0 (org.apache.kafka.coordinator.common.runtime.CoordinatorRuntime)
[2026-08-08 14:56:09,282] INFO [GroupCoordinator id=0] Scheduling loading of metadata from __consumer_offsets-5 with epoch 0 (org.apache.kafka.coordinator.common.runtime.CoordinatorRuntime)
[2026-08-08 14:56:09,282] INFO [GroupCoordinator id=0] Scheduling loading of metadata from __consumer_offsets-38 with epoch 0 (org.apache.kafka.coordinator.common.runtime.CoordinatorRuntime)
[2026-08-08 14:56:09,283] INFO [GroupCoordinator id=0] Scheduling loading of metadata from __consumer_offsets-1 with epoch 0 (org.apache.kafka.coordinator.common.runtime.CoordinatorRuntime)
[2026-08-08 14:56:09,283] INFO [GroupCoordinator id=0] Scheduling loading of metadata from __consumer_offsets-34 with epoch 0 (org.apache.kafka.coordinator.common.runtime.CoordinatorRuntime)
[2026-08-08 14:56:09,283] INFO [GroupCoordinator id=0] Scheduling loading of metadata from __consumer_offsets-16 with epoch 0 (org.apache.kafka.coordinator.common.runtime.CoordinatorRuntime)
[2026-08-08 14:56:09,284] INFO [GroupCoordinator id=0] Scheduling loading of metadata from __consumer_offsets-45 with epoch 0 (org.apache.kafka.coordinator.common.runtime.CoordinatorRuntime)
[2026-08-08 14:56:09,285] INFO [GroupCoordinator id=0] Scheduling loading of metadata from __consumer_offsets-12 with epoch 0 (org.apache.kafka.coordinator.common.runtime.CoordinatorRuntime)
[2026-08-08 14:56:09,286] INFO [GroupCoordinator id=0] Scheduling loading of metadata from __consumer_offsets-41 with epoch 0 (org.apache.kafka.coordinator.common.runtime.CoordinatorRuntime)
[2026-08-08 14:56:09,286] INFO [GroupCoordinator id=0] Scheduling loading of metadata from __consumer_offsets-24 with epoch 0 (org.apache.kafka.coordinator.common.runtime.CoordinatorRuntime)
[2026-08-08 14:56:09,287] INFO [GroupCoordinator id=0] Scheduling loading of metadata from __consumer_offsets-20 with epoch 0 (org.apache.kafka.coordinator.common.runtime.CoordinatorRuntime)
[2026-08-08 14:56:09,287] INFO [GroupCoordinator id=0] Scheduling loading of metadata from __consumer_offsets-49 with epoch 0 (org.apache.kafka.coordinator.common.runtime.CoordinatorRuntime)
[2026-08-08 14:56:09,287] INFO [GroupCoordinator id=0] Scheduling loading of metadata from __consumer_offsets-0 with epoch 0 (org.apache.kafka.coordinator.common.runtime.CoordinatorRuntime)
[2026-08-08 14:56:09,287] INFO [GroupCoordinator id=0] Scheduling loading of metadata from __consumer_offsets-29 with epoch 0 (org.apache.kafka.coordinator.common.runtime.CoordinatorRuntime)
[2026-08-08 14:56:09,288] INFO [GroupCoordinator id=0] Scheduling loading of metadata from __consumer_offsets-25 with epoch 0 (org.apache.kafka.coordinator.common.runtime.CoordinatorRuntime)
[2026-08-08 14:56:09,288] INFO [GroupCoordinator id=0] Scheduling loading of metadata from __consumer_offsets-8 with epoch 0 (org.apache.kafka.coordinator.common.runtime.CoordinatorRuntime)
[2026-08-08 14:56:09,289] INFO [GroupCoordinator id=0] Scheduling loading of metadata from __consumer_offsets-37 with epoch 0 (org.apache.kafka.coordinator.common.runtime.CoordinatorRuntime)
[2026-08-08 14:56:09,289] INFO [GroupCoordinator id=0] Scheduling loading of metadata from __consumer_offsets-4 with epoch 0 (org.apache.kafka.coordinator.common.runtime.CoordinatorRuntime)
[2026-08-08 14:56:09,289] INFO [GroupCoordinator id=0] Scheduling loading of metadata from __consumer_offsets-33 with epoch 0 (org.apache.kafka.coordinator.common.runtime.CoordinatorRuntime)
[2026-08-08 14:56:09,290] INFO [GroupCoordinator id=0] Scheduling loading of metadata from __consumer_offsets-15 with epoch 0 (org.apache.kafka.coordinator.common.runtime.CoordinatorRuntime)
[2026-08-08 14:56:09,290] INFO [GroupCoordinator id=0] Scheduling loading of metadata from __consumer_offsets-48 with epoch 0 (org.apache.kafka.coordinator.common.runtime.CoordinatorRuntime)
[2026-08-08 14:56:09,290] INFO [GroupCoordinator id=0] Scheduling loading of metadata from __consumer_offsets-11 with epoch 0 (org.apache.kafka.coordinator.common.runtime.CoordinatorRuntime)
[2026-08-08 14:56:09,290] INFO [GroupCoordinator id=0] Scheduling loading of metadata from __consumer_offsets-44 with epoch 0 (org.apache.kafka.coordinator.common.runtime.CoordinatorRuntime)
[2026-08-08 14:56:09,290] INFO [GroupCoordinator id=0] Scheduling loading of metadata from __consumer_offsets-23 with epoch 0 (org.apache.kafka.coordinator.common.runtime.CoordinatorRuntime)
[2026-08-08 14:56:09,290] INFO [GroupCoordinator id=0] Scheduling loading of metadata from __consumer_offsets-19 with epoch 0 (org.apache.kafka.coordinator.common.runtime.CoordinatorRuntime)
[2026-08-08 14:56:09,291] INFO [GroupCoordinator id=0] Scheduling loading of metadata from __consumer_offsets-32 with epoch 0 (org.apache.kafka.coordinator.common.runtime.CoordinatorRuntime)
[2026-08-08 14:56:09,291] INFO [GroupCoordinator id=0] Scheduling loading of metadata from __consumer_offsets-28 with epoch 0 (org.apache.kafka.coordinator.common.runtime.CoordinatorRuntime)
[2026-08-08 14:56:09,291] INFO [GroupCoordinator id=0] Scheduling loading of metadata from __consumer_offsets-7 with epoch 0 (org.apache.kafka.coordinator.common.runtime.CoordinatorRuntime)
[2026-08-08 14:56:09,291] INFO [GroupCoordinator id=0] Scheduling loading of metadata from __consumer_offsets-40 with epoch 0 (org.apache.kafka.coordinator.common.runtime.CoordinatorRuntime)
[2026-08-08 14:56:09,291] INFO [GroupCoordinator id=0] Scheduling loading of metadata from __consumer_offsets-3 with epoch 0 (org.apache.kafka.coordinator.common.runtime.CoordinatorRuntime)
[2026-08-08 14:56:09,291] INFO [GroupCoordinator id=0] Scheduling loading of metadata from __consumer_offsets-36 with epoch 0 (org.apache.kafka.coordinator.common.runtime.CoordinatorRuntime)
[2026-08-08 14:56:09,292] INFO [GroupCoordinator id=0] Scheduling loading of metadata from __consumer_offsets-47 with epoch 0 (org.apache.kafka.coordinator.common.runtime.CoordinatorRuntime)
[2026-08-08 14:56:09,292] INFO [GroupCoordinator id=0] Scheduling loading of metadata from __consumer_offsets-14 with epoch 0 (org.apache.kafka.coordinator.common.runtime.CoordinatorRuntime)
[2026-08-08 14:56:09,292] INFO [GroupCoordinator id=0] Scheduling loading of metadata from __consumer_offsets-43 with epoch 0 (org.apache.kafka.coordinator.common.runtime.CoordinatorRuntime)
[2026-08-08 14:56:09,292] INFO [GroupCoordinator id=0] Scheduling loading of metadata from __consumer_offsets-10 with epoch 0 (org.apache.kafka.coordinator.common.runtime.CoordinatorRuntime)
[2026-08-08 14:56:09,293] INFO [GroupCoordinator id=0] Scheduling loading of metadata from __consumer_offsets-22 with epoch 0 (org.apache.kafka.coordinator.common.runtime.CoordinatorRuntime)
[2026-08-08 14:56:09,293] INFO [GroupCoordinator id=0] Scheduling loading of metadata from __consumer_offsets-18 with epoch 0 (org.apache.kafka.coordinator.common.runtime.CoordinatorRuntime)
[2026-08-08 14:56:09,293] INFO [GroupCoordinator id=0] Scheduling loading of metadata from __consumer_offsets-31 with epoch 0 (org.apache.kafka.coordinator.common.runtime.CoordinatorRuntime)
[2026-08-08 14:56:09,293] INFO [GroupCoordinator id=0] Scheduling loading of metadata from __consumer_offsets-27 with epoch 0 (org.apache.kafka.coordinator.common.runtime.CoordinatorRuntime)
[2026-08-08 14:56:09,293] INFO [GroupCoordinator id=0] Scheduling loading of metadata from __consumer_offsets-39 with epoch 0 (org.apache.kafka.coordinator.common.runtime.CoordinatorRuntime)
[2026-08-08 14:56:09,293] INFO [GroupCoordinator id=0] Scheduling loading of metadata from __consumer_offsets-6 with epoch 0 (org.apache.kafka.coordinator.common.runtime.CoordinatorRuntime)
[2026-08-08 14:56:09,294] INFO [GroupCoordinator id=0] Scheduling loading of metadata from __consumer_offsets-35 with epoch 0 (org.apache.kafka.coordinator.common.runtime.CoordinatorRuntime)
[2026-08-08 14:56:09,294] INFO [GroupCoordinator id=0] Scheduling loading of metadata from __consumer_offsets-2 with epoch 0 (org.apache.kafka.coordinator.common.runtime.CoordinatorRuntime)
[2026-08-08 14:56:09,303] INFO [DynamicConfigPublisher broker id=0] Updating topic __consumer_offsets with new configuration : compression.type -> producer,cleanup.policy -> compact,segment.bytes -> 104857600 (kafka.server.metadata.DynamicConfigPublisher)
[2026-08-08 14:56:09,342] INFO [GroupCoordinator id=0] Finished loading of metadata from __consumer_offsets-48 with epoch 0 in 1ms where 1ms was spent in the scheduler. Loaded 0 records which total to 0 bytes. (org.apache.kafka.coordinator.common.runtime.CoordinatorRuntime)
[2026-08-08 14:56:09,342] INFO [GroupCoordinator id=0] Finished loading of metadata from __consumer_offsets-41 with epoch 0 in 0ms where 0ms was spent in the scheduler. Loaded 0 records which total to 0 bytes. (org.apache.kafka.coordinator.common.runtime.CoordinatorRuntime)
[2026-08-08 14:56:09,343] INFO [GroupCoordinator id=0] Finished loading of metadata from __consumer_offsets-9 with epoch 0 in 4ms where 4ms was spent in the scheduler. Loaded 0 records which total to 0 bytes. (org.apache.kafka.coordinator.common.runtime.CoordinatorRuntime)
[2026-08-08 14:56:09,344] INFO [GroupCoordinator id=0] Finished loading of metadata from __consumer_offsets-12 with epoch 0 in 0ms where 0ms was spent in the scheduler. Loaded 0 records which total to 0 bytes. (org.apache.kafka.coordinator.common.runtime.CoordinatorRuntime)
[2026-08-08 14:56:09,343] INFO [GroupCoordinator id=0] Finished loading of metadata from __consumer_offsets-45 with epoch 0 in 0ms where 0ms was spent in the scheduler. Loaded 0 records which total to 0 bytes. (org.apache.kafka.coordinator.common.runtime.CoordinatorRuntime)
[2026-08-08 14:56:09,343] INFO [GroupCoordinator id=0] Finished loading of metadata from __consumer_offsets-3 with epoch 0 in 0ms where 0ms was spent in the scheduler. Loaded 0 records which total to 0 bytes. (org.apache.kafka.coordinator.common.runtime.CoordinatorRuntime)
[2026-08-08 14:56:09,345] INFO [GroupCoordinator id=0] Finished loading of metadata from __consumer_offsets-33 with epoch 0 in 1ms where 1ms was spent in the scheduler. Loaded 0 records which total to 0 bytes. (org.apache.kafka.coordinator.common.runtime.CoordinatorRuntime)
[2026-08-08 14:56:09,345] INFO [GroupCoordinator id=0] Finished loading of metadata from __consumer_offsets-28 with epoch 0 in 0ms where 0ms was spent in the scheduler. Loaded 0 records which total to 0 bytes. (org.apache.kafka.coordinator.common.runtime.CoordinatorRuntime)
[2026-08-08 14:56:09,345] INFO [GroupCoordinator id=0] Finished loading of metadata from __consumer_offsets-13 with epoch 0 in 1ms where 1ms was spent in the scheduler. Loaded 0 records which total to 0 bytes. (org.apache.kafka.coordinator.common.runtime.CoordinatorRuntime)
[2026-08-08 14:56:09,346] INFO [GroupCoordinator id=0] Finished loading of metadata from __consumer_offsets-47 with epoch 0 in 0ms where 0ms was spent in the scheduler. Loaded 0 records which total to 0 bytes. (org.apache.kafka.coordinator.common.runtime.CoordinatorRuntime)
[2026-08-08 14:56:09,346] INFO [GroupCoordinator id=0] Finished loading of metadata from __consumer_offsets-39 with epoch 0 in 1ms where 1ms was spent in the scheduler. Loaded 0 records which total to 0 bytes. (org.apache.kafka.coordinator.common.runtime.CoordinatorRuntime)
[2026-08-08 14:56:09,346] INFO [GroupCoordinator id=0] Finished loading of metadata from __consumer_offsets-18 with epoch 0 in 0ms where 0ms was spent in the scheduler. Loaded 0 records which total to 0 bytes. (org.apache.kafka.coordinator.common.runtime.CoordinatorRuntime)
[2026-08-08 14:56:09,347] INFO [GroupCoordinator id=0] Finished loading of metadata from __consumer_offsets-25 with epoch 0 in 1ms where 1ms was spent in the scheduler. Loaded 0 records which total to 0 bytes. (org.apache.kafka.coordinator.common.runtime.CoordinatorRuntime)
[2026-08-08 14:56:09,347] INFO [GroupCoordinator id=0] Finished loading of metadata from __consumer_offsets-4 with epoch 0 in 1ms where 1ms was spent in the scheduler. Loaded 0 records which total to 0 bytes. (org.apache.kafka.coordinator.common.runtime.CoordinatorRuntime)
[2026-08-08 14:56:09,347] INFO [GroupCoordinator id=0] Finished loading of metadata from __consumer_offsets-31 with epoch 0 in 1ms where 1ms was spent in the scheduler. Loaded 0 records which total to 0 bytes. (org.apache.kafka.coordinator.common.runtime.CoordinatorRuntime)
[2026-08-08 14:56:09,347] INFO [GroupCoordinator id=0] Finished loading of metadata from __consumer_offsets-2 with epoch 0 in 0ms where 0ms was spent in the scheduler. Loaded 0 records which total to 0 bytes. (org.apache.kafka.coordinator.common.runtime.CoordinatorRuntime)
[2026-08-08 14:56:09,347] INFO [GroupCoordinator id=0] Finished loading of metadata from __consumer_offsets-44 with epoch 0 in 1ms where 1ms was spent in the scheduler. Loaded 0 records which total to 0 bytes. (org.apache.kafka.coordinator.common.runtime.CoordinatorRuntime)
[2026-08-08 14:56:09,347] INFO [GroupCoordinator id=0] Finished loading of metadata from __consumer_offsets-26 with epoch 0 in 1ms where 1ms was spent in the scheduler. Loaded 0 records which total to 0 bytes. (org.apache.kafka.coordinator.common.runtime.CoordinatorRuntime)
[2026-08-08 14:56:09,347] INFO [GroupCoordinator id=0] Finished loading of metadata from __consumer_offsets-20 with epoch 0 in 5ms where 5ms was spent in the scheduler. Loaded 0 records which total to 0 bytes. (org.apache.kafka.coordinator.common.runtime.CoordinatorRuntime)
[2026-08-08 14:56:09,347] INFO [GroupCoordinator id=0] Finished loading of metadata from __consumer_offsets-36 with epoch 0 in 1ms where 1ms was spent in the scheduler. Loaded 0 records which total to 0 bytes. (org.apache.kafka.coordinator.common.runtime.CoordinatorRuntime)
[2026-08-08 14:56:09,347] INFO [GroupCoordinator id=0] Finished loading of metadata from __consumer_offsets-5 with epoch 0 in 0ms where 0ms was spent in the scheduler. Loaded 0 records which total to 0 bytes. (org.apache.kafka.coordinator.common.runtime.CoordinatorRuntime)
[2026-08-08 14:56:09,347] INFO [GroupCoordinator id=0] Finished loading of metadata from __consumer_offsets-30 with epoch 0 in 0ms where 0ms was spent in the scheduler. Loaded 0 records which total to 0 bytes. (org.apache.kafka.coordinator.common.runtime.CoordinatorRuntime)
[2026-08-08 14:56:09,348] INFO [GroupCoordinator id=0] Finished loading of metadata from __consumer_offsets-24 with epoch 0 in 4ms where 4ms was spent in the scheduler. Loaded 0 records which total to 0 bytes. (org.apache.kafka.coordinator.common.runtime.CoordinatorRuntime)
[2026-08-08 14:56:09,348] INFO [GroupCoordinator id=0] Finished loading of metadata from __consumer_offsets-10 with epoch 0 in 1ms where 1ms was spent in the scheduler. Loaded 0 records which total to 0 bytes. (org.apache.kafka.coordinator.common.runtime.CoordinatorRuntime)
[2026-08-08 14:56:09,348] INFO [GroupCoordinator id=0] Finished loading of metadata from __consumer_offsets-16 with epoch 0 in 0ms where 0ms was spent in the scheduler. Loaded 0 records which total to 0 bytes. (org.apache.kafka.coordinator.common.runtime.CoordinatorRuntime)
[2026-08-08 14:56:09,348] INFO [GroupCoordinator id=0] Finished loading of metadata from __consumer_offsets-49 with epoch 0 in 0ms where 0ms was spent in the scheduler. Loaded 0 records which total to 0 bytes. (org.apache.kafka.coordinator.common.runtime.CoordinatorRuntime)
[2026-08-08 14:56:09,348] INFO [GroupCoordinator id=0] Finished loading of metadata from __consumer_offsets-0 with epoch 0 in 1ms where 1ms was spent in the scheduler. Loaded 0 records which total to 0 bytes. (org.apache.kafka.coordinator.common.runtime.CoordinatorRuntime)
[2026-08-08 14:56:09,348] INFO [GroupCoordinator id=0] Finished loading of metadata from __consumer_offsets-27 with epoch 0 in 0ms where 0ms was spent in the scheduler. Loaded 0 records which total to 0 bytes. (org.apache.kafka.coordinator.common.runtime.CoordinatorRuntime)
[2026-08-08 14:56:09,348] INFO [GroupCoordinator id=0] Finished loading of metadata from __consumer_offsets-11 with epoch 0 in 1ms where 1ms was spent in the scheduler. Loaded 0 records which total to 0 bytes. (org.apache.kafka.coordinator.common.runtime.CoordinatorRuntime)
[2026-08-08 14:56:09,348] INFO [GroupCoordinator id=0] Finished loading of metadata from __consumer_offsets-35 with epoch 0 in 1ms where 1ms was spent in the scheduler. Loaded 0 records which total to 0 bytes. (org.apache.kafka.coordinator.common.runtime.CoordinatorRuntime)
[2026-08-08 14:56:09,350] INFO [GroupCoordinator id=0] Finished loading of metadata from __consumer_offsets-43 with epoch 0 in 1ms where 1ms was spent in the scheduler. Loaded 0 records which total to 0 bytes. (org.apache.kafka.coordinator.common.runtime.CoordinatorRuntime)
[2026-08-08 14:56:09,350] INFO [GroupCoordinator id=0] Finished loading of metadata from __consumer_offsets-34 with epoch 0 in 0ms where 0ms was spent in the scheduler. Loaded 0 records which total to 0 bytes. (org.apache.kafka.coordinator.common.runtime.CoordinatorRuntime)
[2026-08-08 14:56:09,350] INFO [GroupCoordinator id=0] Finished loading of metadata from __consumer_offsets-38 with epoch 0 in 0ms where 0ms was spent in the scheduler. Loaded 0 records which total to 0 bytes. (org.apache.kafka.coordinator.common.runtime.CoordinatorRuntime)
[2026-08-08 14:56:09,350] INFO [GroupCoordinator id=0] Finished loading of metadata from __consumer_offsets-21 with epoch 0 in 1ms where 1ms was spent in the scheduler. Loaded 0 records which total to 0 bytes. (org.apache.kafka.coordinator.common.runtime.CoordinatorRuntime)
[2026-08-08 14:56:09,350] INFO [GroupCoordinator id=0] Finished loading of metadata from __consumer_offsets-46 with epoch 0 in 0ms where 0ms was spent in the scheduler. Loaded 0 records which total to 0 bytes. (org.apache.kafka.coordinator.common.runtime.CoordinatorRuntime)
[2026-08-08 14:56:09,350] INFO [GroupCoordinator id=0] Finished loading of metadata from __consumer_offsets-1 with epoch 0 in 0ms where 0ms was spent in the scheduler. Loaded 0 records which total to 0 bytes. (org.apache.kafka.coordinator.common.runtime.CoordinatorRuntime)
[2026-08-08 14:56:09,350] INFO [GroupCoordinator id=0] Finished loading of metadata from __consumer_offsets-7 with epoch 0 in 0ms where 0ms was spent in the scheduler. Loaded 0 records which total to 0 bytes. (org.apache.kafka.coordinator.common.runtime.CoordinatorRuntime)
[2026-08-08 14:56:09,350] INFO [GroupCoordinator id=0] Finished loading of metadata from __consumer_offsets-37 with epoch 0 in 0ms where 0ms was spent in the scheduler. Loaded 0 records which total to 0 bytes. (org.apache.kafka.coordinator.common.runtime.CoordinatorRuntime)
[2026-08-08 14:56:09,350] INFO [GroupCoordinator id=0] Finished loading of metadata from __consumer_offsets-29 with epoch 0 in 0ms where 0ms was spent in the scheduler. Loaded 0 records which total to 0 bytes. (org.apache.kafka.coordinator.common.runtime.CoordinatorRuntime)
[2026-08-08 14:56:09,350] INFO [GroupCoordinator id=0] Finished loading of metadata from __consumer_offsets-14 with epoch 0 in 0ms where 0ms was spent in the scheduler. Loaded 0 records which total to 0 bytes. (org.apache.kafka.coordinator.common.runtime.CoordinatorRuntime)
[2026-08-08 14:56:09,351] INFO [GroupCoordinator id=0] Finished loading of metadata from __consumer_offsets-42 with epoch 0 in 3ms where 2ms was spent in the scheduler. Loaded 0 records which total to 0 bytes. (org.apache.kafka.coordinator.common.runtime.CoordinatorRuntime)
[2026-08-08 14:56:09,351] INFO [GroupCoordinator id=0] Finished loading of metadata from __consumer_offsets-23 with epoch 0 in 0ms where 0ms was spent in the scheduler. Loaded 0 records which total to 0 bytes. (org.apache.kafka.coordinator.common.runtime.CoordinatorRuntime)
[2026-08-08 14:56:09,351] INFO [GroupCoordinator id=0] Finished loading of metadata from __consumer_offsets-15 with epoch 0 in 0ms where 0ms was spent in the scheduler. Loaded 0 records which total to 0 bytes. (org.apache.kafka.coordinator.common.runtime.CoordinatorRuntime)
[2026-08-08 14:56:09,351] INFO [GroupCoordinator id=0] Finished loading of metadata from __consumer_offsets-17 with epoch 0 in 1ms where 1ms was spent in the scheduler. Loaded 0 records which total to 0 bytes. (org.apache.kafka.coordinator.common.runtime.CoordinatorRuntime)
[2026-08-08 14:56:09,351] INFO [GroupCoordinator id=0] Finished loading of metadata from __consumer_offsets-32 with epoch 0 in 0ms where 0ms was spent in the scheduler. Loaded 0 records which total to 0 bytes. (org.apache.kafka.coordinator.common.runtime.CoordinatorRuntime)
[2026-08-08 14:56:09,351] INFO [GroupCoordinator id=0] Finished loading of metadata from __consumer_offsets-40 with epoch 0 in 0ms where 0ms was spent in the scheduler. Loaded 0 records which total to 0 bytes. (org.apache.kafka.coordinator.common.runtime.CoordinatorRuntime)
[2026-08-08 14:56:09,351] INFO [GroupCoordinator id=0] Finished loading of metadata from __consumer_offsets-8 with epoch 0 in 1ms where 1ms was spent in the scheduler. Loaded 0 records which total to 0 bytes. (org.apache.kafka.coordinator.common.runtime.CoordinatorRuntime)
[2026-08-08 14:56:09,351] INFO [GroupCoordinator id=0] Finished loading of metadata from __consumer_offsets-19 with epoch 0 in 1ms where 1ms was spent in the scheduler. Loaded 0 records which total to 0 bytes. (org.apache.kafka.coordinator.common.runtime.CoordinatorRuntime)
[2026-08-08 14:56:09,351] INFO [GroupCoordinator id=0] Finished loading of metadata from __consumer_offsets-22 with epoch 0 in 0ms where 0ms was spent in the scheduler. Loaded 0 records which total to 0 bytes. (org.apache.kafka.coordinator.common.runtime.CoordinatorRuntime)
[2026-08-08 14:56:09,351] INFO [GroupCoordinator id=0] Finished loading of metadata from __consumer_offsets-6 with epoch 0 in 0ms where 0ms was spent in the scheduler. Loaded 0 records which total to 0 bytes. (org.apache.kafka.coordinator.common.runtime.CoordinatorRuntime)
[2026-08-08 14:56:09,355] INFO [GroupCoordinator id=0 topic=__consumer_offsets partition=26] Dynamic member with unknown member id joins group console-consumer-76228 in Empty state. Created a new member id console-consumer-e5c004cb-9da6-4964-bd95-6427fa4d89b2 and requesting the member to rejoin with this id. (org.apache.kafka.coordinator.group.GroupMetadataManager)
[2026-08-08 14:56:09,373] INFO [GroupCoordinator id=0 topic=__consumer_offsets partition=26] Pending dynamic member with id console-consumer-e5c004cb-9da6-4964-bd95-6427fa4d89b2 joins group console-consumer-76228 in Empty state. Adding to the group now. (org.apache.kafka.coordinator.group.GroupMetadataManager)
[2026-08-08 14:56:09,375] INFO [GroupCoordinator id=0 topic=__consumer_offsets partition=26] Preparing to rebalance group console-consumer-76228 in state PreparingRebalance with old generation 0 (reason: Adding new member console-consumer-e5c004cb-9da6-4964-bd95-6427fa4d89b2 with group instance id null; client reason: need to re-join with the given member-id: console-consumer-e5c004cb-9da6-4964-bd95-6427fa4d89b2). (org.apache.kafka.coordinator.group.GroupMetadataManager)
[2026-08-08 14:56:12,428] INFO [GroupCoordinator id=0 topic=__consumer_offsets partition=26] Stabilized group console-consumer-76228 generation 1 with 1 members. (org.apache.kafka.coordinator.group.GroupMetadataManager)
[2026-08-08 14:56:12,488] INFO [GroupCoordinator id=0 topic=__consumer_offsets partition=26] Assignment received from leader console-consumer-e5c004cb-9da6-4964-bd95-6427fa4d89b2 for group console-consumer-76228 for generation 1. The group has 1 members, 0 of which are static. (org.apache.kafka.coordinator.group.GroupMetadataManager)
[2026-08-08 14:56:12,877] INFO [GroupCoordinator id=0 topic=__consumer_offsets partition=26] [Group console-consumer-76228] Member console-consumer-e5c004cb-9da6-4964-bd95-6427fa4d89b2 has left group through explicit `LeaveGroup` request; client reason: the consumer is being closed (org.apache.kafka.coordinator.group.GroupMetadataManager)
[2026-08-08 14:56:12,880] INFO [GroupCoordinator id=0 topic=__consumer_offsets partition=26] Preparing to rebalance group console-consumer-76228 in state PreparingRebalance with old generation 1 (reason: explicit `LeaveGroup` request for (console-consumer-e5c004cb-9da6-4964-bd95-6427fa4d89b2) members.). (org.apache.kafka.coordinator.group.GroupMetadataManager)
[2026-08-08 14:56:12,882] INFO [GroupCoordinator id=0 topic=__consumer_offsets partition=26] Group console-consumer-76228 with generation 2 is now empty. (org.apache.kafka.coordinator.group.GroupMetadataManager)
